{"stats":{"minecraft:mined":{"minecraft:white_bed":1,"minecraft:oak_sapling":1,"minecraft:cherry_log":69,"minecraft:cobblestone_stairs":1,"minecraft:stripped_cherry_log":1,"minecraft:obsidian":1,"minecraft:grass_block":149,"minecraft:furnace":1,"minecraft:andesite":12,"minecraft:stone":97,"minecraft:cherry_planks":2,"minecraft:crafting_table":3,"minecraft:torch":4,"minecraft:short_grass":39,"minecraft:chest":3,"minecraft:tall_grass":1,"minecraft:copper_ore":10,"minecraft:cobblestone":1,"minecraft:oak_planks":1,"minecraft:wall_torch":3,"minecraft:pink_petals":11,"minecraft:birch_log":8,"minecraft:coal_ore":36,"minecraft:cherry_leaves":2,"minecraft:dirt":66,"minecraft:netherrack":1,"minecraft:oak_leaves":5},"minecraft:used":{"minecraft:stone_sword":29,"minecraft:chest":2,"minecraft:shield":4,"minecraft:iron_sword":68,"minecraft:cooked_salmon":2,"minecraft:rotten_flesh":1,"minecraft:torch":7,"minecraft:dirt":61,"minecraft:mutton":3,"minecraft:obsidian":1,"minecraft:iron_axe":26,"minecraft:beef":2,"minecraft:oak_sapling":3,"minecraft:potato":5,"minecraft:cooked_mutton":3,"minecraft:cobblestone_stairs":3,"minecraft:stone_pickaxe":14,"minecraft:oak_planks":1,"minecraft:birch_boat":1,"minecraft:wooden_pickaxe":20,"minecraft:cherry_planks":2,"minecraft:diamond_axe":67,"minecraft:salmon":3,"minecraft:crafting_table":2,"minecraft:spider_eye":1,"minecraft:diamond_pickaxe":3,"minecraft:diamond_shovel":165,"minecraft:chicken":1,"minecraft:iron_pickaxe":133,"minecraft:cherry_sign":1,"minecraft:stone_axe":1,"minecraft:cobblestone":3,"minecraft:porkchop":3},"minecraft:custom":{"minecraft:mob_kills":22,"minecraft:interact_with_crafting_table":27,"minecraft:leave_game":6,"minecraft:time_since_death":3692,"minecraft:climb_one_cm":380,"minecraft:sprint_one_cm":407011,"minecraft:walk_one_cm":502034,"minecraft:damage_blocked_by_shield":110,"minecraft:drop":26,"minecraft:play_time":151532,"minecraft:deaths":13,"minecraft:sneak_time":2403,"minecraft:walk_under_water_one_cm":8770,"minecraft:boat_one_cm":27593,"minecraft:jump":1965,"minecraft:walk_on_water_one_cm":22625,"minecraft:total_world_time":151532,"minecraft:interact_with_furnace":14,"minecraft:sleep_in_bed":2,"minecraft:time_since_rest":3798,"minecraft:damage_taken":4066,"minecraft:damage_dealt":2420,"minecraft:swim_one_cm":69155,"minecraft:fly_one_cm":168061,"minecraft:open_chest":43,"minecraft:crouch_one_cm":3348,"minecraft:fall_one_cm":57691,"minecraft:horse_one_cm":437},"minecraft:killed_by":{"minecraft:ghast":1,"minecraft:player":2,"minecraft:creeper":1,"minecraft:enderman":1,"minecraft:skeleton":1,"minecraft:zombie":2},"minecraft:killed":{"minecraft:skeleton":2,"minecraft:chicken":3,"minecraft:pig":5,"minecraft:salmon":5,"minecraft:sheep":5,"minecraft:zombie":1,"minecraft:cow":1},"minecraft:dropped":{"minecraft:iron_sword":1,"minecraft:cooked_beef":1,"minecraft:crafting_table":1,"minecraft:cobblestone":87,"minecraft:leather":2,"minecraft:coal":11,"minecraft:cobblestone_stairs":22,"minecraft:flint":1,"minecraft:torch":9,"minecraft:mutton":1,"minecraft:iron_axe":1,"minecraft:iron_pickaxe":1,"minecraft:white_wool":4,"minecraft:bone":3,"minecraft:cobbled_deepslate":12,"minecraft:raw_copper":29,"minecraft:rotten_flesh":7,"minecraft:shears":1,"minecraft:diamond_sword":1,"minecraft:potato":1,"minecraft:chest":1,"minecraft:birch_boat":1},"minecraft:crafted":{"minecraft:cherry_planks":8,"minecraft:cooked_chicken":1,"minecraft:cobblestone_stairs":24,"minecraft:cooked_mutton":3,"minecraft:ladder":3,"minecraft:stone_pickaxe":2,"minecraft:cooked_beef":1,"minecraft:cooked_porkchop":2,"minecraft:crafting_table":1,"minecraft:wooden_pickaxe":1,"minecraft:cooked_salmon":1,"minecraft:birch_planks":16,"minecraft:stone_axe":1,"minecraft:cherry_sign":3,"minecraft:stick":12,"minecraft:stone_sword":1},"minecraft:picked_up":{"minecraft:crafting_table":5,"minecraft:iron_chestplate":6,"minecraft:chicken":4,"minecraft:diamond_sword":1,"minecraft:wooden_pickaxe":1,"minecraft:stripped_cherry_log":4,"minecraft:shield":3,"minecraft:cooked_salmon":1,"minecraft:iron_axe":8,"minecraft:raw_copper":116,"minecraft:iron_leggings":7,"minecraft:iron_shovel":1,"minecraft:diamond_leggings":3,"minecraft:cobbled_deepslate":27,"minecraft:beef":3,"minecraft:iron_pickaxe":5,"minecraft:chest":4,"minecraft:furnace":1,"minecraft:phantom_membrane":2,"minecraft:stick":53,"minecraft:torch":29,"minecraft:porkchop":10,"minecraft:cherry_log":221,"minecraft:arrow":8,"minecraft:diamond_chestplate":7,"minecraft:rotten_flesh":37,"minecraft:shears":7,"minecraft:diamond_boots":5,"minecraft:mutton":9,"minecraft:obsidian":2,"minecraft:white_wool":11,"minecraft:cobblestone":297,"minecraft:birch_log":13,"minecraft:pink_petals":110,"minecraft:feather":5,"minecraft:cherry_planks":20,"minecraft:andesite":24,"minecraft:salmon":7,"minecraft:leather":2,"minecraft:potato":6,"minecraft:flint":1,"minecraft:cobblestone_stairs":19,"minecraft:dirt":436,"minecraft:wheat_seeds":16,"minecraft:cherry_sign":10,"minecraft:diamond_helmet":7,"minecraft:iron_sword":8,"minecraft:oak_planks":1,"minecraft:birch_boat":7,"minecraft:spider_eye":1,"minecraft:diamond_shovel":6,"minecraft:diamond_axe":7,"minecraft:cherry_sapling":35,"minecraft:bone_meal":25,"minecraft:oak_sapling":8,"minecraft:netherrack":9,"minecraft:coal":60,"minecraft:diamond_pickaxe":2}},"DataVersion":3953}