{"stats":{"minecraft:mined":{"minecraft:birch_log":8,"minecraft:andesite":12,"minecraft:crafting_table":1,"minecraft:short_grass":2,"minecraft:grass_block":8,"minecraft:dirt":16,"minecraft:stone":14},"minecraft:used":{"minecraft:stone_pickaxe":13,"minecraft:wooden_pickaxe":20,"minecraft:stone_axe":1,"minecraft:dirt":5,"minecraft:crafting_table":1},"minecraft:custom":{"minecraft:time_since_rest":6941,"minecraft:interact_with_furnace":4,"minecraft:sprint_one_cm":19016,"minecraft:damage_taken":274,"minecraft:walk_one_cm":26522,"minecraft:mob_kills":1,"minecraft:damage_dealt":145,"minecraft:interact_with_crafting_table":8,"minecraft:swim_one_cm":33603,"minecraft:fly_one_cm":9929,"minecraft:play_time":17953,"minecraft:deaths":1,"minecraft:walk_under_water_one_cm":1477,"minecraft:jump":156,"minecraft:leave_game":4,"minecraft:time_since_death":6866,"minecraft:walk_on_water_one_cm":6203,"minecraft:total_world_time":17953,"minecraft:fall_one_cm":2761},"minecraft:killed_by":{"minecraft:enderman":1},"minecraft:killed":{"minecraft:chicken":1},"minecraft:crafted":{"minecraft:crafting_table":1,"minecraft:stick":12,"minecraft:wooden_pickaxe":1,"minecraft:cooked_chicken":1,"minecraft:stone_pickaxe":2,"minecraft:stone_sword":1,"minecraft:birch_planks":16,"minecraft:stone_axe":1},"minecraft:picked_up":{"minecraft:birch_log":13,"minecraft:stick":4,"minecraft:feather":2,"minecraft:chicken":2,"minecraft:andesite":24,"minecraft:wooden_pickaxe":1,"minecraft:dirt":37,"minecraft:cobblestone":21}},"DataVersion":3953}