{"stats":{"minecraft:mined":{"minecraft:birch_log":29,"minecraft:birch_leaves":3,"minecraft:short_grass":2,"minecraft:grass_block":4,"minecraft:oak_log":5,"minecraft:oak_leaves":2},"minecraft:used":{"minecraft:chicken":1,"minecraft:cooked_salmon":5,"minecraft:diamond_sword":9,"minecraft:oak_sapling":1},"minecraft:custom":{"minecraft:time_since_rest":32117,"minecraft:interact_with_furnace":8,"minecraft:sprint_one_cm":19191,"minecraft:damage_taken":696,"minecraft:walk_one_cm":85331,"minecraft:mob_kills":5,"minecraft:damage_dealt":343,"minecraft:swim_one_cm":5858,"minecraft:fly_one_cm":7297,"minecraft:open_chest":2,"minecraft:play_time":42602,"minecraft:deaths":1,"minecraft:walk_under_water_one_cm":2240,"minecraft:jump":215,"minecraft:leave_game":7,"minecraft:time_since_death":30541,"minecraft:walk_on_water_one_cm":46563,"minecraft:total_world_time":42602,"minecraft:fall_one_cm":5161},"minecraft:killed_by":{"minecraft:zombie":1},"minecraft:crafted":{"minecraft:cooked_salmon":6},"minecraft:killed":{"minecraft:sheep":3,"minecraft:chicken":2},"minecraft:picked_up":{"minecraft:birch_log":28,"minecraft:stick":1,"minecraft:chicken":2,"minecraft:diamond_sword":1,"minecraft:potato":1,"minecraft:oak_log":5,"minecraft:dirt":5,"minecraft:diamond_chestplate":1,"minecraft:diamond_leggings":1,"minecraft:diamond_boots":1,"minecraft:cherry_sapling":1,"minecraft:diamond_helmet":1,"minecraft:oak_sapling":1,"minecraft:birch_sapling":4,"minecraft:mutton":3,"minecraft:white_wool":2,"minecraft:cobblestone":1}},"DataVersion":3953}