{"stats":{"minecraft:custom":{"minecraft:mob_kills":22,"minecraft:interact_with_crafting_table":44,"minecraft:leave_game":44,"minecraft:time_since_death":0,"minecraft:climb_one_cm":10148,"minecraft:sprint_one_cm":622152,"minecraft:walk_one_cm":774496,"minecraft:damage_blocked_by_shield":110,"minecraft:drop":31,"minecraft:play_time":243333,"minecraft:deaths":26,"minecraft:sneak_time":3916,"minecraft:walk_under_water_one_cm":13376,"minecraft:boat_one_cm":152438,"minecraft:jump":2853,"minecraft:walk_on_water_one_cm":24468,"minecraft:total_world_time":243333,"minecraft:interact_with_furnace":18,"minecraft:sleep_in_bed":5,"minecraft:time_since_rest":178,"minecraft:damage_taken":7356,"minecraft:damage_dealt":2637,"minecraft:swim_one_cm":69155,"minecraft:fly_one_cm":229478,"minecraft:open_chest":66,"minecraft:crouch_one_cm":5711,"minecraft:fall_one_cm":84912,"minecraft:horse_one_cm":437},"minecraft:dropped":{"minecraft:iron_sword":1,"minecraft:cooked_beef":1,"minecraft:crafting_table":1,"minecraft:cobblestone":148,"minecraft:leather":2,"minecraft:coal":11,"minecraft:flint":1,"minecraft:cobblestone_stairs":22,"minecraft:torch":9,"minecraft:mutton":1,"minecraft:iron_axe":1,"minecraft:iron_pickaxe":2,"minecraft:white_wool":4,"minecraft:bone":3,"minecraft:cobbled_deepslate":12,"minecraft:raw_copper":29,"minecraft:rotten_flesh":7,"minecraft:shears":1,"minecraft:diamond_sword":3,"minecraft:potato":1,"minecraft:chest":1,"minecraft:birch_boat":1,"minecraft:wooden_pickaxe":1},"minecraft:used":{"minecraft:stone_sword":29,"minecraft:chest":2,"minecraft:shield":4,"minecraft:iron_sword":68,"minecraft:cooked_salmon":2,"minecraft:rotten_flesh":1,"minecraft:torch":18,"minecraft:dirt":65,"minecraft:mutton":3,"minecraft:obsidian":1,"minecraft:iron_axe":26,"minecraft:bow":1,"minecraft:beef":2,"minecraft:oak_sapling":3,"minecraft:potato":9,"minecraft:cooked_mutton":3,"minecraft:cobblestone_stairs":3,"minecraft:stone_pickaxe":16,"minecraft:oak_planks":3,"minecraft:ender_pearl":1,"minecraft:birch_boat":2,"minecraft:wooden_pickaxe":20,"minecraft:cherry_planks":2,"minecraft:diamond_axe":67,"minecraft:salmon":3,"minecraft:crafting_table":5,"minecraft:spider_eye":1,"minecraft:white_bed":1,"minecraft:diamond_pickaxe":3,"minecraft:diamond_shovel":165,"minecraft:chicken":1,"minecraft:bread":2,"minecraft:iron_pickaxe":311,"minecraft:cherry_sign":1,"minecraft:stone_axe":4,"minecraft:diamond_sword":3,"minecraft:cobblestone":63,"minecraft:porkchop":6},"minecraft:killed_by":{"minecraft:ghast":2,"minecraft:player":5,"minecraft:creeper":1,"minecraft:enderman":1,"minecraft:skeleton":1,"minecraft:zombie":3},"minecraft:killed":{"minecraft:skeleton":2,"minecraft:chicken":3,"minecraft:pig":5,"minecraft:salmon":5,"minecraft:sheep":5,"minecraft:zombie":1,"minecraft:cow":1},"minecraft:mined":{"minecraft:white_bed":2,"minecraft:oak_sapling":1,"minecraft:cobblestone_stairs":1,"minecraft:cherry_log":69,"minecraft:stripped_cherry_log":1,"minecraft:obsidian":1,"minecraft:granite":12,"minecraft:grass_block":153,"minecraft:furnace":3,"minecraft:andesite":12,"minecraft:potatoes":6,"minecraft:stone":171,"minecraft:cherry_planks":2,"minecraft:crafting_table":6,"minecraft:torch":4,"minecraft:short_grass":39,"minecraft:chest":5,"minecraft:cobblestone":1,"minecraft:copper_ore":27,"minecraft:tall_grass":1,"minecraft:oak_planks":1,"minecraft:diorite":46,"minecraft:wall_torch":3,"minecraft:pink_petals":11,"minecraft:birch_log":8,"minecraft:birch_leaves":1,"minecraft:oak_log":2,"minecraft:coal_ore":51,"minecraft:cherry_leaves":2,"minecraft:gravel":6,"minecraft:dirt":68,"minecraft:netherrack":1,"minecraft:oak_leaves":6},"minecraft:picked_up":{"minecraft:iron_chestplate":6,"minecraft:crafting_table":8,"minecraft:chicken":4,"minecraft:diamond_sword":3,"minecraft:wooden_pickaxe":1,"minecraft:stripped_cherry_log":4,"minecraft:shield":3,"minecraft:iron_axe":8,"minecraft:raw_copper":252,"minecraft:cooked_salmon":1,"minecraft:iron_leggings":7,"minecraft:iron_shovel":1,"minecraft:diamond_leggings":3,"minecraft:cobbled_deepslate":27,"minecraft:beef":3,"minecraft:iron_pickaxe":8,"minecraft:chest":6,"minecraft:phantom_membrane":2,"minecraft:furnace":3,"minecraft:stick":53,"minecraft:torch":59,"minecraft:porkchop":44,"minecraft:cherry_log":221,"minecraft:diorite":103,"minecraft:redstone":64,"minecraft:arrow":10,"minecraft:diamond_chestplate":7,"minecraft:rotten_flesh":37,"minecraft:shears":7,"minecraft:diamond_boots":5,"minecraft:obsidian":2,"minecraft:mutton":9,"minecraft:white_wool":11,"minecraft:cobblestone":556,"minecraft:birch_log":13,"minecraft:pink_petals":110,"minecraft:feather":5,"minecraft:cherry_planks":20,"minecraft:andesite":49,"minecraft:salmon":7,"minecraft:leather":2,"minecraft:potato":10,"minecraft:birch_planks":15,"minecraft:flint":1,"minecraft:oak_log":2,"minecraft:cobblestone_stairs":19,"minecraft:dirt":442,"minecraft:bone":6,"minecraft:wheat_seeds":17,"minecraft:cooked_chicken":1,"minecraft:cherry_sign":10,"minecraft:diamond_helmet":7,"minecraft:oak_planks":31,"minecraft:iron_sword":8,"minecraft:birch_boat":8,"minecraft:gravel":12,"minecraft:white_bed":1,"minecraft:spider_eye":1,"minecraft:diamond_shovel":6,"minecraft:granite":24,"minecraft:diamond_axe":7,"minecraft:cherry_sapling":35,"minecraft:bone_meal":25,"minecraft:bread":4,"minecraft:oak_sapling":10,"minecraft:netherrack":9,"minecraft:coal":127,"minecraft:ender_pearl":1,"minecraft:diamond_pickaxe":2},"minecraft:crafted":{"minecraft:cherry_planks":8,"minecraft:birch_boat":1,"minecraft:cooked_chicken":1,"minecraft:cobblestone_stairs":24,"minecraft:cooked_mutton":3,"minecraft:ladder":3,"minecraft:stone_pickaxe":3,"minecraft:cooked_beef":1,"minecraft:cooked_porkchop":2,"minecraft:crafting_table":2,"minecraft:wooden_pickaxe":1,"minecraft:cooked_salmon":1,"minecraft:birch_planks":16,"minecraft:stone_axe":2,"minecraft:cherry_sign":3,"minecraft:stick":16,"minecraft:stone_sword":1}},"DataVersion":3953}