{"stats":{"minecraft:used":{"minecraft:cherry_sapling":6,"minecraft:bread":2,"minecraft:iron_axe":40,"minecraft:chicken":1,"minecraft:iron_pickaxe":12,"minecraft:cooked_salmon":7,"minecraft:diamond_sword":14,"minecraft:oak_sapling":1,"minecraft:white_bed":2,"minecraft:cobbled_deepslate":1},"minecraft:custom":{"minecraft:time_since_rest":11259,"minecraft:interact_with_furnace":12,"minecraft:sprint_one_cm":22589,"minecraft:damage_taken":1189,"minecraft:walk_one_cm":249545,"minecraft:mob_kills":9,"minecraft:drop":5,"minecraft:damage_dealt":473,"minecraft:swim_one_cm":23323,"minecraft:interact_with_crafting_table":4,"minecraft:fly_one_cm":12091,"minecraft:open_chest":8,"minecraft:crouch_one_cm":3742,"minecraft:play_time":93826,"minecraft:deaths":2,"minecraft:sneak_time":2058,"minecraft:walk_under_water_one_cm":5035,"minecraft:jump":408,"minecraft:leave_game":16,"minecraft:time_since_death":11043,"minecraft:walk_on_water_one_cm":61637,"minecraft:sleep_in_bed":2,"minecraft:total_world_time":93826,"minecraft:fall_one_cm":10731},"minecraft:mined":{"minecraft:pink_petals":16,"minecraft:birch_log":32,"minecraft:cherry_log":37,"minecraft:cherry_sapling":2,"minecraft:birch_leaves":3,"minecraft:short_grass":2,"minecraft:grass_block":5,"minecraft:coal_ore":10,"minecraft:oak_log":5,"minecraft:cherry_leaves":2,"minecraft:dirt":5,"minecraft:cobblestone":1,"minecraft:stone":1,"minecraft:oak_leaves":5},"minecraft:killed":{"minecraft:sheep":3,"minecraft:chicken":2,"minecraft:salmon":4},"minecraft:picked_up":{"minecraft:birch_log":31,"minecraft:pink_petals":47,"minecraft:stick":3,"minecraft:chicken":2,"minecraft:salmon":3,"minecraft:diamond_sword":2,"minecraft:potato":1,"minecraft:oak_log":5,"minecraft:cherry_log":37,"minecraft:white_bed":1,"minecraft:dirt":8,"minecraft:iron_axe":1,"minecraft:bone":3,"minecraft:diamond_chestplate":1,"minecraft:diamond_leggings":1,"minecraft:cobbled_deepslate":2,"minecraft:diamond_boots":1,"minecraft:cherry_sapling":6,"minecraft:bread":6,"minecraft:iron_pickaxe":3,"minecraft:diamond_helmet":1,"minecraft:oak_sapling":1,"minecraft:birch_sapling":4,"minecraft:mutton":5,"minecraft:coal":10,"minecraft:white_wool":4,"minecraft:cobblestone":12,"minecraft:diamond_pickaxe":1},"minecraft:dropped":{"minecraft:diamond_pickaxe":1,"minecraft:iron_pickaxe":4},"minecraft:crafted":{"minecraft:oak_planks":8,"minecraft:white_bed":1,"minecraft:cooked_salmon":9},"minecraft:killed_by":{"minecraft:ghast":1,"minecraft:zombie":1}},"DataVersion":3953}