{"stats":{"minecraft:mined":{"minecraft:oak_sapling":1,"minecraft:cherry_log":30,"minecraft:crafting_table":1,"minecraft:short_grass":37,"minecraft:grass_block":100,"minecraft:pink_petals":9,"minecraft:furnace":1,"minecraft:birch_log":8,"minecraft:andesite":12,"minecraft:cherry_leaves":2,"minecraft:dirt":34,"minecraft:stone":14},"minecraft:used":{"minecraft:stone_sword":29,"minecraft:stone_pickaxe":14,"minecraft:wooden_pickaxe":20,"minecraft:birch_boat":1,"minecraft:iron_sword":23,"minecraft:diamond_axe":6,"minecraft:cooked_salmon":1,"minecraft:dirt":37,"minecraft:mutton":1,"minecraft:crafting_table":1,"minecraft:diamond_shovel":117,"minecraft:iron_axe":26,"minecraft:chicken":1,"minecraft:stone_axe":1,"minecraft:porkchop":2,"minecraft:oak_sapling":3},"minecraft:custom":{"minecraft:interact_with_furnace":8,"minecraft:mob_kills":9,"minecraft:interact_with_crafting_table":13,"minecraft:leave_game":4,"minecraft:time_since_death":3501,"minecraft:climb_one_cm":380,"minecraft:time_since_rest":3584,"minecraft:sprint_one_cm":109108,"minecraft:damage_taken":1137,"minecraft:walk_one_cm":175541,"minecraft:drop":1,"minecraft:damage_dealt":1318,"minecraft:swim_one_cm":44146,"minecraft:fly_one_cm":57784,"minecraft:open_chest":7,"minecraft:crouch_one_cm":1114,"minecraft:play_time":53953,"minecraft:deaths":4,"minecraft:sneak_time":902,"minecraft:walk_under_water_one_cm":3391,"minecraft:boat_one_cm":27593,"minecraft:jump":637,"minecraft:walk_on_water_one_cm":10249,"minecraft:total_world_time":53953,"minecraft:fall_one_cm":7379,"minecraft:horse_one_cm":437},"minecraft:killed_by":{"minecraft:skeleton":1,"minecraft:zombie":2,"minecraft:enderman":1},"minecraft:crafted":{"minecraft:crafting_table":1,"minecraft:wooden_pickaxe":1,"minecraft:cooked_chicken":1,"minecraft:birch_planks":16,"minecraft:stone_axe":1,"minecraft:stick":12,"minecraft:stone_pickaxe":2,"minecraft:stone_sword":1},"minecraft:killed":{"minecraft:pig":4,"minecraft:sheep":1,"minecraft:skeleton":1,"minecraft:chicken":3},"minecraft:dropped":{"minecraft:iron_sword":1},"minecraft:picked_up":{"minecraft:birch_log":13,"minecraft:pink_petals":92,"minecraft:crafting_table":1,"minecraft:iron_chestplate":2,"minecraft:feather":5,"minecraft:chicken":4,"minecraft:andesite":24,"minecraft:wooden_pickaxe":1,"minecraft:dirt":241,"minecraft:iron_axe":2,"minecraft:cooked_salmon":1,"minecraft:iron_leggings":2,"minecraft:wheat_seeds":11,"minecraft:diamond_leggings":2,"minecraft:iron_pickaxe":2,"minecraft:diamond_helmet":2,"minecraft:iron_sword":3,"minecraft:phantom_membrane":1,"minecraft:furnace":1,"minecraft:stick":14,"minecraft:birch_boat":3,"minecraft:porkchop":9,"minecraft:cherry_log":33,"minecraft:diamond_shovel":2,"minecraft:diamond_chestplate":2,"minecraft:shears":1,"minecraft:diamond_boots":2,"minecraft:diamond_axe":2,"minecraft:cherry_sapling":13,"minecraft:oak_sapling":3,"minecraft:mutton":1,"minecraft:white_wool":1,"minecraft:cobblestone":21}},"DataVersion":3953}