{"stats":{"minecraft:mined":{"minecraft:short_grass":2,"minecraft:birch_log":29,"minecraft:birch_leaves":3},"minecraft:used":{"minecraft:oak_sapling":1,"minecraft:chicken":1},"minecraft:custom":{"minecraft:time_since_rest":20117,"minecraft:play_time":30602,"minecraft:sprint_one_cm":6014,"minecraft:deaths":1,"minecraft:damage_taken":511,"minecraft:walk_one_cm":42298,"minecraft:walk_under_water_one_cm":2240,"minecraft:mob_kills":1,"minecraft:jump":140,"minecraft:damage_dealt":64,"minecraft:leave_game":7,"minecraft:walk_on_water_one_cm":46563,"minecraft:time_since_death":18541,"minecraft:total_world_time":30602,"minecraft:swim_one_cm":5858,"minecraft:fall_one_cm":2530,"minecraft:fly_one_cm":5200},"minecraft:killed_by":{"minecraft:zombie":1},"minecraft:killed":{"minecraft:chicken":1},"minecraft:picked_up":{"minecraft:birch_log":28,"minecraft:stick":1,"minecraft:chicken":1,"minecraft:oak_sapling":1,"minecraft:birch_sapling":4}},"DataVersion":3953}