{"stats":{"minecraft:mined":{"minecraft:oak_sapling":1,"minecraft:cherry_log":69,"minecraft:stripped_cherry_log":1,"minecraft:torch":1,"minecraft:crafting_table":2,"minecraft:short_grass":39,"minecraft:grass_block":114,"minecraft:chest":2,"minecraft:tall_grass":1,"minecraft:wall_torch":1,"minecraft:pink_petals":11,"minecraft:furnace":1,"minecraft:birch_log":8,"minecraft:andesite":12,"minecraft:coal_ore":16,"minecraft:cherry_leaves":2,"minecraft:dirt":48,"minecraft:stone":20,"minecraft:oak_leaves":5},"minecraft:used":{"minecraft:cooked_mutton":3,"minecraft:stone_sword":29,"minecraft:stone_pickaxe":14,"minecraft:chest":2,"minecraft:wooden_pickaxe":20,"minecraft:birch_boat":1,"minecraft:cherry_planks":2,"minecraft:iron_sword":58,"minecraft:diamond_axe":59,"minecraft:cooked_salmon":2,"minecraft:rotten_flesh":1,"minecraft:torch":5,"minecraft:dirt":55,"minecraft:mutton":3,"minecraft:crafting_table":2,"minecraft:spider_eye":1,"minecraft:diamond_shovel":133,"minecraft:iron_axe":26,"minecraft:chicken":1,"minecraft:iron_pickaxe":23,"minecraft:cherry_sign":1,"minecraft:stone_axe":1,"minecraft:beef":2,"minecraft:oak_sapling":3,"minecraft:porkchop":3},"minecraft:custom":{"minecraft:interact_with_furnace":14,"minecraft:mob_kills":18,"minecraft:interact_with_crafting_table":22,"minecraft:leave_game":5,"minecraft:time_since_death":4162,"minecraft:sleep_in_bed":1,"minecraft:climb_one_cm":380,"minecraft:time_since_rest":4260,"minecraft:sprint_one_cm":262028,"minecraft:damage_taken":2390,"minecraft:walk_one_cm":326750,"minecraft:drop":8,"minecraft:damage_dealt":2175,"minecraft:swim_one_cm":51230,"minecraft:fly_one_cm":138386,"minecraft:open_chest":22,"minecraft:crouch_one_cm":1888,"minecraft:play_time":101735,"minecraft:deaths":7,"minecraft:sneak_time":1129,"minecraft:walk_under_water_one_cm":5004,"minecraft:boat_one_cm":27593,"minecraft:jump":1423,"minecraft:walk_on_water_one_cm":13131,"minecraft:total_world_time":101735,"minecraft:fall_one_cm":31235,"minecraft:horse_one_cm":437},"minecraft:killed_by":{"minecraft:skeleton":1,"minecraft:creeper":1,"minecraft:zombie":2,"minecraft:enderman":1},"minecraft:killed":{"minecraft:pig":5,"minecraft:salmon":2,"minecraft:sheep":4,"minecraft:skeleton":2,"minecraft:zombie":1,"minecraft:chicken":3,"minecraft:cow":1},"minecraft:dropped":{"minecraft:iron_sword":1,"minecraft:cooked_beef":1,"minecraft:cobbled_deepslate":12,"minecraft:leather":2,"minecraft:coal":11,"minecraft:white_wool":4},"minecraft:crafted":{"minecraft:cooked_beef":1,"minecraft:cherry_planks":8,"minecraft:cooked_porkchop":2,"minecraft:crafting_table":1,"minecraft:wooden_pickaxe":1,"minecraft:cooked_chicken":1,"minecraft:cooked_salmon":1,"minecraft:birch_planks":16,"minecraft:stone_axe":1,"minecraft:cooked_mutton":3,"minecraft:cherry_sign":3,"minecraft:stick":12,"minecraft:stone_pickaxe":2,"minecraft:stone_sword":1},"minecraft:picked_up":{"minecraft:birch_log":13,"minecraft:pink_petals":104,"minecraft:iron_chestplate":5,"minecraft:crafting_table":2,"minecraft:feather":5,"minecraft:chicken":4,"minecraft:cherry_planks":6,"minecraft:salmon":2,"minecraft:andesite":24,"minecraft:leather":2,"minecraft:diamond_sword":1,"minecraft:wooden_pickaxe":1,"minecraft:stripped_cherry_log":4,"minecraft:shield":1,"minecraft:dirt":370,"minecraft:iron_axe":5,"minecraft:cooked_salmon":1,"minecraft:iron_leggings":5,"minecraft:diamond_leggings":3,"minecraft:wheat_seeds":15,"minecraft:cobbled_deepslate":27,"minecraft:beef":3,"minecraft:cherry_sign":6,"minecraft:iron_pickaxe":5,"minecraft:diamond_helmet":5,"minecraft:chest":2,"minecraft:iron_sword":6,"minecraft:phantom_membrane":2,"minecraft:furnace":1,"minecraft:stick":45,"minecraft:birch_boat":6,"minecraft:torch":6,"minecraft:porkchop":10,"minecraft:cherry_log":163,"minecraft:spider_eye":1,"minecraft:diamond_shovel":5,"minecraft:arrow":8,"minecraft:rotten_flesh":23,"minecraft:diamond_chestplate":5,"minecraft:shears":4,"minecraft:diamond_boots":4,"minecraft:diamond_axe":5,"minecraft:bone_meal":15,"minecraft:cherry_sapling":27,"minecraft:oak_sapling":7,"minecraft:obsidian":1,"minecraft:mutton":6,"minecraft:coal":41,"minecraft:white_wool":8,"minecraft:cobblestone":191}},"DataVersion":3953}