{"stats":{"minecraft:mined":{"minecraft:oak_sapling":1,"minecraft:cherry_log":69,"minecraft:stripped_cherry_log":1,"minecraft:crafting_table":1,"minecraft:short_grass":39,"minecraft:grass_block":112,"minecraft:tall_grass":1,"minecraft:pink_petals":11,"minecraft:furnace":1,"minecraft:birch_log":8,"minecraft:andesite":12,"minecraft:coal_ore":11,"minecraft:cherry_leaves":2,"minecraft:dirt":43,"minecraft:stone":18,"minecraft:oak_leaves":5},"minecraft:used":{"minecraft:cooked_mutton":2,"minecraft:stone_sword":29,"minecraft:stone_pickaxe":14,"minecraft:wooden_pickaxe":20,"minecraft:birch_boat":1,"minecraft:iron_sword":49,"minecraft:diamond_axe":56,"minecraft:cooked_salmon":1,"minecraft:dirt":49,"minecraft:mutton":1,"minecraft:crafting_table":1,"minecraft:spider_eye":1,"minecraft:diamond_shovel":131,"minecraft:iron_axe":26,"minecraft:chicken":1,"minecraft:iron_pickaxe":16,"minecraft:cherry_sign":1,"minecraft:stone_axe":1,"minecraft:beef":2,"minecraft:oak_sapling":3,"minecraft:porkchop":3},"minecraft:custom":{"minecraft:interact_with_furnace":11,"minecraft:mob_kills":15,"minecraft:interact_with_crafting_table":16,"minecraft:leave_game":5,"minecraft:time_since_death":2068,"minecraft:sleep_in_bed":1,"minecraft:climb_one_cm":380,"minecraft:time_since_rest":2151,"minecraft:sprint_one_cm":194937,"minecraft:damage_taken":1470,"minecraft:walk_one_cm":265110,"minecraft:drop":7,"minecraft:damage_dealt":1959,"minecraft:swim_one_cm":44146,"minecraft:fly_one_cm":100961,"minecraft:open_chest":11,"minecraft:crouch_one_cm":1876,"minecraft:play_time":77735,"minecraft:deaths":5,"minecraft:sneak_time":1087,"minecraft:walk_under_water_one_cm":3391,"minecraft:boat_one_cm":27593,"minecraft:jump":1097,"minecraft:walk_on_water_one_cm":10249,"minecraft:total_world_time":77735,"minecraft:fall_one_cm":16528,"minecraft:horse_one_cm":437},"minecraft:killed_by":{"minecraft:skeleton":1,"minecraft:zombie":2,"minecraft:enderman":1},"minecraft:killed":{"minecraft:pig":5,"minecraft:sheep":3,"minecraft:skeleton":2,"minecraft:zombie":1,"minecraft:chicken":3,"minecraft:cow":1},"minecraft:dropped":{"minecraft:iron_sword":1,"minecraft:cooked_beef":1,"minecraft:leather":2,"minecraft:coal":11,"minecraft:white_wool":4},"minecraft:crafted":{"minecraft:cooked_beef":1,"minecraft:cherry_planks":8,"minecraft:cooked_porkchop":2,"minecraft:crafting_table":1,"minecraft:wooden_pickaxe":1,"minecraft:cooked_chicken":1,"minecraft:birch_planks":16,"minecraft:stone_axe":1,"minecraft:cooked_mutton":2,"minecraft:cherry_sign":3,"minecraft:stick":12,"minecraft:stone_pickaxe":2,"minecraft:stone_sword":1},"minecraft:picked_up":{"minecraft:birch_log":13,"minecraft:pink_petals":98,"minecraft:iron_chestplate":3,"minecraft:crafting_table":1,"minecraft:feather":5,"minecraft:chicken":4,"minecraft:cherry_planks":2,"minecraft:andesite":24,"minecraft:leather":2,"minecraft:wooden_pickaxe":1,"minecraft:stripped_cherry_log":2,"minecraft:dirt":358,"minecraft:iron_axe":3,"minecraft:cooked_salmon":1,"minecraft:iron_leggings":3,"minecraft:diamond_leggings":3,"minecraft:wheat_seeds":13,"minecraft:beef":3,"minecraft:cherry_sign":2,"minecraft:iron_pickaxe":3,"minecraft:diamond_helmet":3,"minecraft:iron_sword":4,"minecraft:phantom_membrane":2,"minecraft:furnace":1,"minecraft:stick":29,"minecraft:birch_boat":4,"minecraft:porkchop":10,"minecraft:cherry_log":99,"minecraft:spider_eye":1,"minecraft:diamond_shovel":3,"minecraft:arrow":4,"minecraft:rotten_flesh":10,"minecraft:diamond_chestplate":3,"minecraft:shears":2,"minecraft:diamond_boots":3,"minecraft:diamond_axe":3,"minecraft:cherry_sapling":19,"minecraft:oak_sapling":5,"minecraft:mutton":5,"minecraft:coal":22,"minecraft:white_wool":6,"minecraft:cobblestone":27}},"DataVersion":3953}