{"stats":{"minecraft:mined":{"minecraft:oak_sapling":1,"minecraft:cherry_log":69,"minecraft:stripped_cherry_log":1,"minecraft:crafting_table":1,"minecraft:short_grass":38,"minecraft:grass_block":106,"minecraft:tall_grass":1,"minecraft:pink_petals":11,"minecraft:furnace":1,"minecraft:birch_log":8,"minecraft:andesite":12,"minecraft:coal_ore":10,"minecraft:cherry_leaves":2,"minecraft:dirt":37,"minecraft:stone":16},"minecraft:used":{"minecraft:stone_sword":29,"minecraft:stone_pickaxe":14,"minecraft:wooden_pickaxe":20,"minecraft:birch_boat":1,"minecraft:iron_sword":27,"minecraft:diamond_axe":51,"minecraft:cooked_salmon":1,"minecraft:dirt":39,"minecraft:mutton":1,"minecraft:crafting_table":1,"minecraft:diamond_shovel":121,"minecraft:iron_axe":26,"minecraft:chicken":1,"minecraft:iron_pickaxe":12,"minecraft:cherry_sign":1,"minecraft:stone_axe":1,"minecraft:beef":2,"minecraft:porkchop":2,"minecraft:oak_sapling":3},"minecraft:custom":{"minecraft:interact_with_furnace":8,"minecraft:mob_kills":11,"minecraft:interact_with_crafting_table":15,"minecraft:leave_game":4,"minecraft:time_since_death":15501,"minecraft:climb_one_cm":380,"minecraft:time_since_rest":15584,"minecraft:sprint_one_cm":156663,"minecraft:damage_taken":1287,"minecraft:walk_one_cm":221888,"minecraft:drop":2,"minecraft:damage_dealt":1540,"minecraft:swim_one_cm":44146,"minecraft:fly_one_cm":82660,"minecraft:open_chest":8,"minecraft:crouch_one_cm":1114,"minecraft:play_time":65953,"minecraft:deaths":4,"minecraft:sneak_time":902,"minecraft:walk_under_water_one_cm":3391,"minecraft:boat_one_cm":27593,"minecraft:jump":880,"minecraft:walk_on_water_one_cm":10249,"minecraft:total_world_time":65953,"minecraft:fall_one_cm":14139,"minecraft:horse_one_cm":437},"minecraft:killed_by":{"minecraft:skeleton":1,"minecraft:zombie":2,"minecraft:enderman":1},"minecraft:killed":{"minecraft:pig":5,"minecraft:sheep":1,"minecraft:skeleton":1,"minecraft:chicken":3,"minecraft:cow":1},"minecraft:dropped":{"minecraft:iron_sword":1,"minecraft:white_wool":2},"minecraft:crafted":{"minecraft:cherry_planks":8,"minecraft:crafting_table":1,"minecraft:wooden_pickaxe":1,"minecraft:cooked_chicken":1,"minecraft:birch_planks":16,"minecraft:stone_axe":1,"minecraft:cherry_sign":3,"minecraft:stick":12,"minecraft:stone_pickaxe":2,"minecraft:stone_sword":1},"minecraft:picked_up":{"minecraft:birch_log":13,"minecraft:pink_petals":95,"minecraft:crafting_table":1,"minecraft:iron_chestplate":2,"minecraft:feather":5,"minecraft:chicken":4,"minecraft:andesite":24,"minecraft:leather":2,"minecraft:wooden_pickaxe":1,"minecraft:stripped_cherry_log":1,"minecraft:dirt":250,"minecraft:iron_axe":2,"minecraft:cooked_salmon":1,"minecraft:iron_leggings":2,"minecraft:wheat_seeds":12,"minecraft:diamond_leggings":2,"minecraft:beef":3,"minecraft:iron_pickaxe":2,"minecraft:diamond_helmet":2,"minecraft:iron_sword":3,"minecraft:phantom_membrane":1,"minecraft:furnace":1,"minecraft:stick":21,"minecraft:birch_boat":3,"minecraft:porkchop":10,"minecraft:cherry_log":67,"minecraft:diamond_shovel":2,"minecraft:diamond_chestplate":2,"minecraft:shears":1,"minecraft:diamond_boots":2,"minecraft:diamond_axe":2,"minecraft:cherry_sapling":15,"minecraft:oak_sapling":3,"minecraft:mutton":1,"minecraft:coal":10,"minecraft:white_wool":3,"minecraft:cobblestone":22}},"DataVersion":3953}