{"stats":{"minecraft:mined":{"minecraft:pink_petals":7,"minecraft:oak_sapling":1,"minecraft:furnace":1,"minecraft:birch_log":8,"minecraft:cherry_log":7,"minecraft:andesite":12,"minecraft:crafting_table":1,"minecraft:short_grass":37,"minecraft:grass_block":99,"minecraft:cherry_leaves":1,"minecraft:dirt":23,"minecraft:stone":14},"minecraft:used":{"minecraft:stone_sword":29,"minecraft:diamond_shovel":107,"minecraft:iron_axe":8,"minecraft:chicken":1,"minecraft:stone_pickaxe":14,"minecraft:birch_boat":1,"minecraft:wooden_pickaxe":20,"minecraft:iron_sword":6,"minecraft:cooked_salmon":1,"minecraft:stone_axe":1,"minecraft:dirt":24,"minecraft:mutton":1,"minecraft:crafting_table":1,"minecraft:oak_sapling":3,"minecraft:porkchop":2},"minecraft:custom":{"minecraft:time_since_rest":17748,"minecraft:interact_with_furnace":8,"minecraft:sprint_one_cm":84582,"minecraft:damage_taken":1029,"minecraft:walk_one_cm":121809,"minecraft:mob_kills":8,"minecraft:damage_dealt":951,"minecraft:interact_with_crafting_table":13,"minecraft:swim_one_cm":34948,"minecraft:fly_one_cm":45245,"minecraft:open_chest":3,"minecraft:crouch_one_cm":1026,"minecraft:play_time":41953,"minecraft:deaths":3,"minecraft:sneak_time":893,"minecraft:walk_under_water_one_cm":3339,"minecraft:boat_one_cm":27593,"minecraft:jump":460,"minecraft:leave_game":4,"minecraft:time_since_death":17699,"minecraft:walk_on_water_one_cm":8200,"minecraft:climb_one_cm":380,"minecraft:total_world_time":41953,"minecraft:fall_one_cm":5659,"minecraft:horse_one_cm":437},"minecraft:killed_by":{"minecraft:skeleton":1,"minecraft:zombie":1,"minecraft:enderman":1},"minecraft:crafted":{"minecraft:crafting_table":1,"minecraft:stick":12,"minecraft:wooden_pickaxe":1,"minecraft:cooked_chicken":1,"minecraft:stone_pickaxe":2,"minecraft:stone_sword":1,"minecraft:birch_planks":16,"minecraft:stone_axe":1},"minecraft:killed":{"minecraft:sheep":1,"minecraft:pig":4,"minecraft:chicken":3},"minecraft:picked_up":{"minecraft:birch_log":13,"minecraft:pink_petals":65,"minecraft:iron_chestplate":1,"minecraft:stick":6,"minecraft:crafting_table":1,"minecraft:feather":5,"minecraft:chicken":4,"minecraft:birch_boat":2,"minecraft:andesite":24,"minecraft:wooden_pickaxe":1,"minecraft:porkchop":9,"minecraft:cherry_log":7,"minecraft:dirt":146,"minecraft:iron_axe":1,"minecraft:cooked_salmon":1,"minecraft:iron_leggings":1,"minecraft:diamond_shovel":1,"minecraft:diamond_chestplate":1,"minecraft:diamond_leggings":1,"minecraft:wheat_seeds":10,"minecraft:diamond_boots":1,"minecraft:diamond_helmet":1,"minecraft:iron_pickaxe":1,"minecraft:oak_sapling":3,"minecraft:mutton":1,"minecraft:iron_sword":1,"minecraft:white_wool":1,"minecraft:cobblestone":21,"minecraft:furnace":1}},"DataVersion":3953}