{"stats":{"minecraft:mined":{"minecraft:short_grass":2,"minecraft:grass_block":7,"minecraft:dirt":10,"minecraft:birch_log":8,"minecraft:stone":10,"minecraft:andesite":12},"minecraft:used":{"minecraft:dirt":5,"minecraft:crafting_table":1,"minecraft:stone_pickaxe":6,"minecraft:wooden_pickaxe":16},"minecraft:custom":{"minecraft:time_since_rest":5846,"minecraft:play_time":5846,"minecraft:sprint_one_cm":2299,"minecraft:damage_taken":89,"minecraft:walk_one_cm":10476,"minecraft:walk_under_water_one_cm":128,"minecraft:jump":40,"minecraft:damage_dealt":23,"minecraft:leave_game":2,"minecraft:walk_on_water_one_cm":1331,"minecraft:time_since_death":5846,"minecraft:total_world_time":5846,"minecraft:swim_one_cm":4200,"minecraft:interact_with_crafting_table":3,"minecraft:fall_one_cm":778,"minecraft:fly_one_cm":2299},"minecraft:crafted":{"minecraft:birch_planks":12,"minecraft:crafting_table":1,"minecraft:stick":8,"minecraft:stone_pickaxe":1,"minecraft:wooden_pickaxe":1},"minecraft:picked_up":{"minecraft:birch_log":8,"minecraft:andesite":12,"minecraft:dirt":17,"minecraft:cobblestone":10}},"DataVersion":3953}