{"stats":{"minecraft:custom":{"minecraft:interact_with_furnace":15,"minecraft:mob_kills":10,"minecraft:interact_with_crafting_table":4,"minecraft:leave_game":34,"minecraft:time_since_death":62492,"minecraft:sleep_in_bed":4,"minecraft:time_since_rest":2716,"minecraft:sprint_one_cm":36615,"minecraft:damage_taken":1503,"minecraft:walk_one_cm":369731,"minecraft:drop":11,"minecraft:damage_dealt":473,"minecraft:swim_one_cm":23323,"minecraft:fly_one_cm":18457,"minecraft:player_kills":1,"minecraft:open_chest":14,"minecraft:crouch_one_cm":3742,"minecraft:sneak_time":2070,"minecraft:play_time":145275,"minecraft:deaths":2,"minecraft:walk_under_water_one_cm":10863,"minecraft:boat_one_cm":369288,"minecraft:jump":650,"minecraft:walk_on_water_one_cm":69725,"minecraft:interact_with_smoker":6,"minecraft:total_world_time":145275,"minecraft:fall_one_cm":14550},"minecraft:dropped":{"minecraft:cherry_log":36,"minecraft:cobbled_deepslate":64,"minecraft:obsidian":4,"minecraft:deepslate_bricks":128,"minecraft:diamond_pickaxe":1,"minecraft:iron_pickaxe":4,"minecraft:polished_deepslate":32},"minecraft:used":{"minecraft:cherry_sapling":9,"minecraft:diamond_axe":10,"minecraft:cooked_salmon":7,"minecraft:white_bed":2,"minecraft:diamond_shovel":67,"minecraft:iron_axe":40,"minecraft:chicken":1,"minecraft:bread":10,"minecraft:iron_pickaxe":12,"minecraft:diamond_sword":14,"minecraft:cobblestone":1,"minecraft:oak_sapling":1,"minecraft:cobbled_deepslate":1},"minecraft:killed_by":{"minecraft:ghast":1,"minecraft:zombie":1},"minecraft:killed":{"minecraft:salmon":4,"minecraft:sheep":3,"minecraft:chicken":2},"minecraft:mined":{"minecraft:cherry_log":48,"minecraft:cherry_sapling":4,"minecraft:short_grass":2,"minecraft:grass_block":8,"minecraft:cobblestone":1,"minecraft:pink_petals":16,"minecraft:birch_log":32,"minecraft:birch_leaves":3,"minecraft:oak_log":5,"minecraft:coal_ore":10,"minecraft:cherry_leaves":2,"minecraft:dirt":5,"minecraft:sand":64,"minecraft:stone":1,"minecraft:oak_leaves":5},"minecraft:picked_up":{"minecraft:birch_log":31,"minecraft:pink_petals":47,"minecraft:crafting_table":1,"minecraft:chicken":2,"minecraft:salmon":3,"minecraft:diamond_sword":2,"minecraft:potato":1,"minecraft:birch_planks":6,"minecraft:oak_log":5,"minecraft:dirt":11,"minecraft:iron_axe":1,"minecraft:bone":7,"minecraft:diamond_leggings":1,"minecraft:wheat_seeds":1,"minecraft:cobbled_deepslate":2,"minecraft:iron_pickaxe":3,"minecraft:diamond_helmet":1,"minecraft:birch_sapling":4,"minecraft:stick":3,"minecraft:birch_boat":2,"minecraft:sand":60,"minecraft:cherry_log":100,"minecraft:white_bed":1,"minecraft:rotten_flesh":1,"minecraft:diamond_shovel":1,"minecraft:arrow":2,"minecraft:diamond_chestplate":1,"minecraft:diamond_boots":1,"minecraft:diamond_axe":1,"minecraft:cherry_sapling":12,"minecraft:bread":11,"minecraft:oak_sapling":1,"minecraft:mutton":5,"minecraft:coal":10,"minecraft:cobblestone":12,"minecraft:white_wool":4,"minecraft:diamond_pickaxe":1},"minecraft:crafted":{"minecraft:oak_planks":8,"minecraft:baked_potato":5,"minecraft:cooked_salmon":9,"minecraft:white_bed":1}},"DataVersion":3953}