{"stats":{"minecraft:used":{"minecraft:cherry_sapling":9,"minecraft:diamond_axe":10,"minecraft:cooked_salmon":7,"minecraft:white_bed":2,"minecraft:iron_axe":40,"minecraft:chicken":1,"minecraft:bread":5,"minecraft:iron_pickaxe":12,"minecraft:diamond_sword":14,"minecraft:cobblestone":1,"minecraft:oak_sapling":1,"minecraft:cobbled_deepslate":1},"minecraft:custom":{"minecraft:interact_with_furnace":12,"minecraft:mob_kills":10,"minecraft:interact_with_crafting_table":4,"minecraft:leave_game":24,"minecraft:time_since_death":41820,"minecraft:sleep_in_bed":2,"minecraft:time_since_rest":42036,"minecraft:sprint_one_cm":35663,"minecraft:damage_taken":1233,"minecraft:walk_one_cm":335105,"minecraft:drop":5,"minecraft:damage_dealt":473,"minecraft:swim_one_cm":23323,"minecraft:fly_one_cm":18360,"minecraft:player_kills":1,"minecraft:open_chest":8,"minecraft:crouch_one_cm":3742,"minecraft:play_time":124603,"minecraft:sneak_time":2058,"minecraft:deaths":2,"minecraft:walk_under_water_one_cm":5864,"minecraft:boat_one_cm":259859,"minecraft:jump":592,"minecraft:walk_on_water_one_cm":63191,"minecraft:total_world_time":124603,"minecraft:fall_one_cm":13793},"minecraft:mined":{"minecraft:cherry_log":48,"minecraft:cherry_sapling":4,"minecraft:short_grass":2,"minecraft:grass_block":5,"minecraft:cobblestone":1,"minecraft:pink_petals":16,"minecraft:birch_log":32,"minecraft:birch_leaves":3,"minecraft:oak_log":5,"minecraft:coal_ore":10,"minecraft:cherry_leaves":2,"minecraft:dirt":5,"minecraft:stone":1,"minecraft:oak_leaves":5},"minecraft:killed":{"minecraft:salmon":4,"minecraft:sheep":3,"minecraft:chicken":2},"minecraft:picked_up":{"minecraft:birch_log":31,"minecraft:pink_petals":47,"minecraft:crafting_table":1,"minecraft:chicken":2,"minecraft:salmon":3,"minecraft:diamond_sword":2,"minecraft:potato":1,"minecraft:birch_planks":6,"minecraft:oak_log":5,"minecraft:dirt":8,"minecraft:iron_axe":1,"minecraft:bone":7,"minecraft:diamond_leggings":1,"minecraft:wheat_seeds":1,"minecraft:cobbled_deepslate":2,"minecraft:iron_pickaxe":3,"minecraft:diamond_helmet":1,"minecraft:birch_sapling":4,"minecraft:stick":3,"minecraft:birch_boat":2,"minecraft:cherry_log":100,"minecraft:white_bed":1,"minecraft:rotten_flesh":1,"minecraft:arrow":2,"minecraft:diamond_chestplate":1,"minecraft:diamond_boots":1,"minecraft:diamond_axe":1,"minecraft:cherry_sapling":12,"minecraft:bread":11,"minecraft:oak_sapling":1,"minecraft:mutton":5,"minecraft:coal":10,"minecraft:white_wool":4,"minecraft:cobblestone":12,"minecraft:diamond_pickaxe":1},"minecraft:dropped":{"minecraft:diamond_pickaxe":1,"minecraft:iron_pickaxe":4},"minecraft:crafted":{"minecraft:oak_planks":8,"minecraft:cooked_salmon":9,"minecraft:white_bed":1},"minecraft:killed_by":{"minecraft:ghast":1,"minecraft:zombie":1}},"DataVersion":3953}