{"stats":{"minecraft:used":{"minecraft:oak_sapling":1,"minecraft:chicken":1},"minecraft:custom":{"minecraft:time_since_rest":14117,"minecraft:play_time":24602,"minecraft:sprint_one_cm":2988,"minecraft:deaths":1,"minecraft:damage_taken":491,"minecraft:walk_one_cm":38174,"minecraft:walk_under_water_one_cm":2240,"minecraft:mob_kills":1,"minecraft:jump":126,"minecraft:damage_dealt":64,"minecraft:leave_game":7,"minecraft:walk_on_water_one_cm":33338,"minecraft:time_since_death":12541,"minecraft:total_world_time":24602,"minecraft:swim_one_cm":5858,"minecraft:fall_one_cm":1651,"minecraft:fly_one_cm":1543},"minecraft:mined":{"minecraft:short_grass":2,"minecraft:birch_log":29,"minecraft:birch_leaves":3},"minecraft:killed":{"minecraft:chicken":1},"minecraft:picked_up":{"minecraft:birch_log":28,"minecraft:stick":1,"minecraft:chicken":1,"minecraft:oak_sapling":1,"minecraft:birch_sapling":4},"minecraft:killed_by":{"minecraft:zombie":1}},"DataVersion":3953}