{"stats":{"minecraft:mined":{"minecraft:oak_sapling":1,"minecraft:cherry_planks":2,"minecraft:cherry_log":69,"minecraft:stripped_cherry_log":1,"minecraft:torch":3,"minecraft:crafting_table":2,"minecraft:short_grass":39,"minecraft:grass_block":121,"minecraft:chest":2,"minecraft:cobblestone":1,"minecraft:copper_ore":10,"minecraft:tall_grass":1,"minecraft:wall_torch":3,"minecraft:pink_petals":11,"minecraft:furnace":1,"minecraft:birch_log":8,"minecraft:andesite":12,"minecraft:coal_ore":36,"minecraft:cherry_leaves":2,"minecraft:dirt":56,"minecraft:stone":97,"minecraft:oak_leaves":5},"minecraft:used":{"minecraft:cooked_mutton":3,"minecraft:stone_sword":29,"minecraft:stone_pickaxe":14,"minecraft:chest":2,"minecraft:wooden_pickaxe":20,"minecraft:birch_boat":1,"minecraft:cherry_planks":2,"minecraft:iron_sword":58,"minecraft:diamond_axe":63,"minecraft:cooked_salmon":2,"minecraft:rotten_flesh":1,"minecraft:torch":7,"minecraft:dirt":56,"minecraft:mutton":3,"minecraft:crafting_table":2,"minecraft:spider_eye":1,"minecraft:diamond_shovel":144,"minecraft:iron_axe":26,"minecraft:chicken":1,"minecraft:iron_pickaxe":132,"minecraft:cherry_sign":1,"minecraft:stone_axe":1,"minecraft:beef":2,"minecraft:oak_sapling":3,"minecraft:porkchop":3},"minecraft:custom":{"minecraft:interact_with_furnace":14,"minecraft:mob_kills":18,"minecraft:interact_with_crafting_table":22,"minecraft:leave_game":5,"minecraft:time_since_death":4892,"minecraft:sleep_in_bed":1,"minecraft:climb_one_cm":380,"minecraft:time_since_rest":4976,"minecraft:sprint_one_cm":310071,"minecraft:damage_taken":2670,"minecraft:walk_one_cm":358456,"minecraft:drop":10,"minecraft:damage_dealt":2177,"minecraft:swim_one_cm":54723,"minecraft:fly_one_cm":144108,"minecraft:open_chest":24,"minecraft:crouch_one_cm":2151,"minecraft:play_time":113735,"minecraft:deaths":8,"minecraft:sneak_time":1406,"minecraft:walk_under_water_one_cm":5112,"minecraft:boat_one_cm":27593,"minecraft:jump":1543,"minecraft:walk_on_water_one_cm":14118,"minecraft:total_world_time":113735,"minecraft:fall_one_cm":36910,"minecraft:horse_one_cm":437},"minecraft:killed_by":{"minecraft:skeleton":1,"minecraft:creeper":1,"minecraft:zombie":2,"minecraft:enderman":1},"minecraft:killed":{"minecraft:pig":5,"minecraft:salmon":2,"minecraft:sheep":4,"minecraft:skeleton":2,"minecraft:zombie":1,"minecraft:chicken":3,"minecraft:cow":1},"minecraft:dropped":{"minecraft:iron_sword":1,"minecraft:cooked_beef":1,"minecraft:cobbled_deepslate":12,"minecraft:cobblestone":87,"minecraft:leather":2,"minecraft:coal":11,"minecraft:white_wool":4},"minecraft:crafted":{"minecraft:cooked_beef":1,"minecraft:cherry_planks":8,"minecraft:cooked_porkchop":2,"minecraft:crafting_table":1,"minecraft:wooden_pickaxe":1,"minecraft:cooked_chicken":1,"minecraft:cooked_salmon":1,"minecraft:birch_planks":16,"minecraft:stone_axe":1,"minecraft:cooked_mutton":3,"minecraft:cherry_sign":3,"minecraft:stick":12,"minecraft:stone_pickaxe":2,"minecraft:stone_sword":1},"minecraft:picked_up":{"minecraft:birch_log":13,"minecraft:pink_petals":104,"minecraft:iron_chestplate":5,"minecraft:crafting_table":2,"minecraft:feather":5,"minecraft:chicken":4,"minecraft:cherry_planks":8,"minecraft:salmon":2,"minecraft:andesite":24,"minecraft:leather":2,"minecraft:diamond_sword":1,"minecraft:wooden_pickaxe":1,"minecraft:stripped_cherry_log":4,"minecraft:shield":1,"minecraft:dirt":399,"minecraft:raw_copper":29,"minecraft:iron_axe":5,"minecraft:cooked_salmon":1,"minecraft:iron_leggings":5,"minecraft:diamond_leggings":3,"minecraft:wheat_seeds":15,"minecraft:cobbled_deepslate":27,"minecraft:beef":3,"minecraft:cherry_sign":6,"minecraft:iron_pickaxe":5,"minecraft:diamond_helmet":5,"minecraft:chest":2,"minecraft:iron_sword":6,"minecraft:phantom_membrane":2,"minecraft:furnace":1,"minecraft:stick":45,"minecraft:birch_boat":6,"minecraft:torch":10,"minecraft:porkchop":10,"minecraft:cherry_log":163,"minecraft:spider_eye":1,"minecraft:diamond_shovel":5,"minecraft:arrow":8,"minecraft:rotten_flesh":23,"minecraft:diamond_chestplate":5,"minecraft:shears":4,"minecraft:diamond_boots":4,"minecraft:diamond_axe":5,"minecraft:bone_meal":15,"minecraft:cherry_sapling":27,"minecraft:oak_sapling":7,"minecraft:obsidian":1,"minecraft:mutton":6,"minecraft:coal":60,"minecraft:white_wool":8,"minecraft:cobblestone":297}},"DataVersion":3953}