{"stats":{"minecraft:custom":{"minecraft:time_since_rest":95251,"minecraft:interact_with_furnace":3,"minecraft:damage_taken":174,"minecraft:sprint_one_cm":75179,"minecraft:walk_one_cm":391629,"minecraft:mob_kills":3,"minecraft:animals_bred":1,"minecraft:damage_dealt":297,"minecraft:interact_with_crafting_table":5,"minecraft:fly_one_cm":27944,"minecraft:open_chest":4,"minecraft:play_time":117509,"minecraft:walk_under_water_one_cm":563,"minecraft:jump":628,"minecraft:leave_game":4,"minecraft:walk_on_water_one_cm":2616,"minecraft:time_since_death":117509,"minecraft:sleep_in_bed":1,"minecraft:total_world_time":117509,"minecraft:fall_one_cm":9667},"minecraft:used":{"minecraft:cherry_sapling":40,"minecraft:diamond_shovel":292,"minecraft:poppy":1,"minecraft:wooden_pickaxe":59,"minecraft:wooden_shovel":18,"minecraft:diamond_axe":56,"minecraft:diamond_sword":8,"minecraft:dirt":50,"minecraft:cooked_beef":3},"minecraft:killed":{"minecraft:sheep":1,"minecraft:pig":2},"minecraft:mined":{"minecraft:cherry_log":54,"minecraft:cherry_sapling":2,"minecraft:dandelion":6,"minecraft:pumpkin":7,"minecraft:azure_bluet":1,"minecraft:short_grass":6,"minecraft:coal_ore":9,"minecraft:grass_block":183,"minecraft:oak_log":9,"minecraft:poppy":1,"minecraft:cherry_leaves":23,"minecraft:sand":4,"minecraft:dirt":119,"minecraft:tall_grass":2,"minecraft:stone":49,"minecraft:sugar_cane":1,"minecraft:oxeye_daisy":1,"minecraft:oak_leaves":21},"minecraft:broken":{"minecraft:wooden_pickaxe":1},"minecraft:picked_up":{"minecraft:stick":22,"minecraft:azure_bluet":1,"minecraft:cooked_beef":11,"minecraft:pumpkin":7,"minecraft:diamond_sword":1,"minecraft:dandelion":6,"minecraft:porkchop":4,"minecraft:sand":4,"minecraft:oak_log":9,"minecraft:cherry_log":54,"minecraft:dirt":271,"minecraft:diamond_shovel":1,"minecraft:wheat_seeds":3,"minecraft:diamond_axe":1,"minecraft:cherry_sapling":37,"minecraft:poppy":1,"minecraft:oak_sapling":2,"minecraft:sugar_cane":2,"minecraft:mutton":2,"minecraft:coal":9,"minecraft:white_wool":1,"minecraft:cobblestone":46,"minecraft:oxeye_daisy":1},"minecraft:crafted":{"minecraft:wooden_sword":1,"minecraft:oak_planks":36,"minecraft:wooden_shovel":1,"minecraft:wooden_hoe":1,"minecraft:stick":16,"minecraft:wooden_pickaxe":1,"minecraft:pumpkin_seeds":28,"minecraft:oak_fence":15,"minecraft:pink_dye":47}},"DataVersion":3953}