{"stats":{"minecraft:custom":{"minecraft:time_since_rest":57104,"minecraft:interact_with_furnace":3,"minecraft:sprint_one_cm":23784,"minecraft:damage_taken":104,"minecraft:walk_one_cm":210955,"minecraft:animals_bred":1,"minecraft:damage_dealt":17,"minecraft:interact_with_crafting_table":5,"minecraft:fly_one_cm":11158,"minecraft:open_chest":3,"minecraft:play_time":79362,"minecraft:jump":277,"minecraft:leave_game":3,"minecraft:walk_on_water_one_cm":1071,"minecraft:time_since_death":79362,"minecraft:sleep_in_bed":1,"minecraft:total_world_time":79362,"minecraft:fall_one_cm":5176},"minecraft:used":{"minecraft:cherry_sapling":17,"minecraft:diamond_shovel":49,"minecraft:wooden_pickaxe":9,"minecraft:diamond_axe":28,"minecraft:wooden_shovel":18,"minecraft:cooked_beef":1},"minecraft:mined":{"minecraft:cherry_log":27,"minecraft:cherry_sapling":2,"minecraft:dandelion":3,"minecraft:pumpkin":7,"minecraft:short_grass":3,"minecraft:poppy":1,"minecraft:oak_log":9,"minecraft:grass_block":58,"minecraft:coal_ore":9,"minecraft:cherry_leaves":17,"minecraft:dirt":7,"minecraft:tall_grass":1,"minecraft:oxeye_daisy":1,"minecraft:oak_leaves":21},"minecraft:picked_up":{"minecraft:stick":12,"minecraft:cooked_beef":11,"minecraft:pumpkin":7,"minecraft:diamond_sword":1,"minecraft:dandelion":3,"minecraft:oak_log":9,"minecraft:cherry_log":27,"minecraft:dirt":55,"minecraft:diamond_shovel":1,"minecraft:diamond_axe":1,"minecraft:cherry_sapling":15,"minecraft:poppy":1,"minecraft:oak_sapling":2,"minecraft:coal":9,"minecraft:oxeye_daisy":1},"minecraft:crafted":{"minecraft:wooden_sword":1,"minecraft:oak_planks":36,"minecraft:wooden_shovel":1,"minecraft:wooden_hoe":1,"minecraft:stick":16,"minecraft:wooden_pickaxe":1,"minecraft:pumpkin_seeds":28,"minecraft:oak_fence":15,"minecraft:pink_dye":47}},"DataVersion":3953}