{"stats":{"minecraft:custom":{"minecraft:time_since_rest":69051,"minecraft:interact_with_furnace":3,"minecraft:sprint_one_cm":57687,"minecraft:damage_taken":134,"minecraft:walk_one_cm":273684,"minecraft:mob_kills":1,"minecraft:animals_bred":1,"minecraft:damage_dealt":97,"minecraft:interact_with_crafting_table":5,"minecraft:fly_one_cm":20382,"minecraft:open_chest":3,"minecraft:play_time":91309,"minecraft:walk_under_water_one_cm":563,"minecraft:jump":441,"minecraft:leave_game":3,"minecraft:walk_on_water_one_cm":2616,"minecraft:time_since_death":91309,"minecraft:sleep_in_bed":1,"minecraft:total_world_time":91309,"minecraft:fall_one_cm":6889},"minecraft:used":{"minecraft:cherry_sapling":26,"minecraft:diamond_shovel":53,"minecraft:poppy":1,"minecraft:wooden_pickaxe":9,"minecraft:wooden_shovel":18,"minecraft:diamond_axe":45,"minecraft:diamond_sword":2,"minecraft:cooked_beef":3},"minecraft:killed":{"minecraft:sheep":1},"minecraft:mined":{"minecraft:cherry_log":43,"minecraft:cherry_sapling":2,"minecraft:dandelion":6,"minecraft:pumpkin":7,"minecraft:azure_bluet":1,"minecraft:short_grass":3,"minecraft:coal_ore":9,"minecraft:oak_log":9,"minecraft:grass_block":58,"minecraft:poppy":1,"minecraft:cherry_leaves":22,"minecraft:sand":4,"minecraft:dirt":7,"minecraft:tall_grass":1,"minecraft:sugar_cane":1,"minecraft:oxeye_daisy":1,"minecraft:oak_leaves":21},"minecraft:picked_up":{"minecraft:azure_bluet":1,"minecraft:stick":20,"minecraft:cooked_beef":11,"minecraft:pumpkin":7,"minecraft:diamond_sword":1,"minecraft:dandelion":6,"minecraft:sand":4,"minecraft:oak_log":9,"minecraft:cherry_log":43,"minecraft:dirt":55,"minecraft:diamond_shovel":1,"minecraft:diamond_axe":1,"minecraft:cherry_sapling":25,"minecraft:poppy":1,"minecraft:oak_sapling":2,"minecraft:sugar_cane":2,"minecraft:mutton":2,"minecraft:coal":9,"minecraft:white_wool":1,"minecraft:oxeye_daisy":1},"minecraft:crafted":{"minecraft:wooden_sword":1,"minecraft:oak_planks":36,"minecraft:wooden_shovel":1,"minecraft:wooden_hoe":1,"minecraft:stick":16,"minecraft:wooden_pickaxe":1,"minecraft:pumpkin_seeds":28,"minecraft:oak_fence":15,"minecraft:pink_dye":47}},"DataVersion":3953}