{"stats":{"minecraft:custom":{"minecraft:time_since_rest":77342,"minecraft:interact_with_furnace":3,"minecraft:sprint_one_cm":71925,"minecraft:damage_taken":154,"minecraft:walk_one_cm":317601,"minecraft:mob_kills":3,"minecraft:animals_bred":1,"minecraft:damage_dealt":297,"minecraft:interact_with_crafting_table":5,"minecraft:fly_one_cm":26435,"minecraft:open_chest":3,"minecraft:play_time":99600,"minecraft:walk_under_water_one_cm":563,"minecraft:jump":538,"minecraft:leave_game":4,"minecraft:walk_on_water_one_cm":2616,"minecraft:time_since_death":99600,"minecraft:sleep_in_bed":1,"minecraft:total_world_time":99600,"minecraft:fall_one_cm":7560},"minecraft:used":{"minecraft:cherry_sapling":34,"minecraft:diamond_shovel":56,"minecraft:poppy":1,"minecraft:wooden_pickaxe":10,"minecraft:wooden_shovel":18,"minecraft:diamond_axe":56,"minecraft:diamond_sword":8,"minecraft:cooked_beef":3},"minecraft:killed":{"minecraft:sheep":1,"minecraft:pig":2},"minecraft:mined":{"minecraft:cherry_log":54,"minecraft:cherry_sapling":2,"minecraft:dandelion":6,"minecraft:pumpkin":7,"minecraft:azure_bluet":1,"minecraft:short_grass":4,"minecraft:coal_ore":9,"minecraft:oak_log":9,"minecraft:grass_block":59,"minecraft:poppy":1,"minecraft:cherry_leaves":23,"minecraft:sand":4,"minecraft:dirt":9,"minecraft:tall_grass":1,"minecraft:sugar_cane":1,"minecraft:oxeye_daisy":1,"minecraft:oak_leaves":21},"minecraft:picked_up":{"minecraft:azure_bluet":1,"minecraft:stick":22,"minecraft:cooked_beef":11,"minecraft:pumpkin":7,"minecraft:diamond_sword":1,"minecraft:dandelion":6,"minecraft:porkchop":4,"minecraft:sand":4,"minecraft:oak_log":9,"minecraft:cherry_log":54,"minecraft:dirt":58,"minecraft:diamond_shovel":1,"minecraft:diamond_axe":1,"minecraft:cherry_sapling":33,"minecraft:poppy":1,"minecraft:oak_sapling":2,"minecraft:sugar_cane":2,"minecraft:mutton":2,"minecraft:coal":9,"minecraft:white_wool":1,"minecraft:oxeye_daisy":1},"minecraft:crafted":{"minecraft:wooden_sword":1,"minecraft:oak_planks":36,"minecraft:wooden_shovel":1,"minecraft:wooden_hoe":1,"minecraft:stick":16,"minecraft:wooden_pickaxe":1,"minecraft:pumpkin_seeds":28,"minecraft:oak_fence":15,"minecraft:pink_dye":47}},"DataVersion":3953}