{"stats":{"minecraft:custom":{"minecraft:time_since_rest":41715,"minecraft:interact_with_furnace":3,"minecraft:sprint_one_cm":16235,"minecraft:damage_taken":84,"minecraft:walk_one_cm":143978,"minecraft:animals_bred":1,"minecraft:damage_dealt":17,"minecraft:interact_with_crafting_table":4,"minecraft:fly_one_cm":7533,"minecraft:open_chest":3,"minecraft:play_time":63973,"minecraft:jump":211,"minecraft:leave_game":2,"minecraft:walk_on_water_one_cm":1071,"minecraft:time_since_death":63973,"minecraft:sleep_in_bed":1,"minecraft:total_world_time":63973,"minecraft:fall_one_cm":4218},"minecraft:used":{"minecraft:cherry_sapling":3,"minecraft:wooden_pickaxe":9,"minecraft:wooden_shovel":18,"minecraft:cooked_beef":1},"minecraft:mined":{"minecraft:dandelion":3,"minecraft:pumpkin":7,"minecraft:poppy":1,"minecraft:oak_log":9,"minecraft:grass_block":14,"minecraft:coal_ore":9,"minecraft:dirt":4,"minecraft:tall_grass":1,"minecraft:oak_leaves":21},"minecraft:picked_up":{"minecraft:stick":2,"minecraft:cooked_beef":11,"minecraft:pumpkin":7,"minecraft:diamond_sword":1,"minecraft:dandelion":3,"minecraft:oak_log":9,"minecraft:dirt":18,"minecraft:diamond_shovel":1,"minecraft:diamond_axe":1,"minecraft:poppy":1,"minecraft:oak_sapling":2,"minecraft:coal":9},"minecraft:crafted":{"minecraft:wooden_sword":1,"minecraft:oak_planks":36,"minecraft:wooden_shovel":1,"minecraft:wooden_hoe":1,"minecraft:stick":16,"minecraft:wooden_pickaxe":1,"minecraft:pumpkin_seeds":28,"minecraft:oak_fence":15}},"DataVersion":3953}