{"stats":{"minecraft:custom":{"minecraft:time_since_rest":7510,"minecraft:open_chest":1,"minecraft:play_time":29768,"minecraft:sprint_one_cm":9932,"minecraft:damage_taken":84,"minecraft:walk_one_cm":103254,"minecraft:animals_bred":1,"minecraft:jump":152,"minecraft:damage_dealt":17,"minecraft:leave_game":1,"minecraft:walk_on_water_one_cm":1071,"minecraft:time_since_death":29768,"minecraft:sleep_in_bed":1,"minecraft:total_world_time":29768,"minecraft:interact_with_crafting_table":3,"minecraft:fall_one_cm":2788,"minecraft:fly_one_cm":4263},"minecraft:used":{"minecraft:cherry_sapling":3,"minecraft:wooden_pickaxe":9,"minecraft:cooked_beef":1},"minecraft:mined":{"minecraft:coal_ore":9,"minecraft:poppy":1,"minecraft:oak_log":9,"minecraft:tall_grass":1,"minecraft:dandelion":3,"minecraft:pumpkin":7,"minecraft:oak_leaves":21},"minecraft:picked_up":{"minecraft:cooked_beef":11,"minecraft:stick":2,"minecraft:pumpkin":7,"minecraft:dandelion":3,"minecraft:oak_log":9,"minecraft:poppy":1,"minecraft:oak_sapling":2,"minecraft:coal":9},"minecraft:crafted":{"minecraft:wooden_sword":1,"minecraft:oak_planks":36,"minecraft:wooden_shovel":1,"minecraft:wooden_hoe":1,"minecraft:oak_fence":15,"minecraft:stick":16,"minecraft:wooden_pickaxe":1}},"DataVersion":3953}