{"stats":{"minecraft:custom":{"minecraft:time_since_rest":17846,"minecraft:open_chest":1,"minecraft:play_time":17846,"minecraft:sprint_one_cm":2473,"minecraft:damage_taken":70,"minecraft:walk_one_cm":58799,"minecraft:jump":87,"minecraft:damage_dealt":17,"minecraft:leave_game":1,"minecraft:time_since_death":17846,"minecraft:walk_on_water_one_cm":1071,"minecraft:total_world_time":17846,"minecraft:interact_with_crafting_table":1,"minecraft:fall_one_cm":1892,"minecraft:fly_one_cm":2993},"minecraft:used":{"minecraft:cherry_sapling":3},"minecraft:mined":{"minecraft:oak_log":9,"minecraft:tall_grass":1,"minecraft:pumpkin":7,"minecraft:oak_leaves":21},"minecraft:picked_up":{"minecraft:stick":2,"minecraft:pumpkin":7,"minecraft:oak_log":9,"minecraft:oak_sapling":2},"minecraft:crafted":{"minecraft:wooden_sword":1,"minecraft:oak_planks":20,"minecraft:stick":4}},"DataVersion":3953}