{"stats":{"minecraft:used":{"minecraft:crafting_table":1},"minecraft:custom":{"minecraft:jump":29,"minecraft:time_since_rest":1137,"minecraft:leave_game":1,"minecraft:damage_taken":90,"minecraft:sprint_one_cm":3955,"minecraft:play_time":1137,"minecraft:time_since_death":1137,"minecraft:walk_one_cm":1120,"minecraft:total_world_time":1137,"minecraft:fall_one_cm":2496,"minecraft:interact_with_crafting_table":1,"minecraft:fly_one_cm":6098},"minecraft:mined":{"minecraft:birch_log":2},"minecraft:picked_up":{"minecraft:birch_log":2},"minecraft:crafted":{"minecraft:birch_planks":8,"minecraft:wooden_sword":1,"minecraft:crafting_table":1,"minecraft:stick":4}},"DataVersion":3953}