{"stats":{"minecraft:used":{"minecraft:stone_sword":180,"minecraft:stone_shovel":87,"minecraft:ladder":2,"minecraft:chest":18,"minecraft:shield":9,"minecraft:cooked_chicken":1,"minecraft:rotten_flesh":2,"minecraft:oak_door":3,"minecraft:torch":13,"minecraft:dirt":85,"minecraft:mutton":3,"minecraft:white_carpet":10,"minecraft:granite":2,"minecraft:polished_diorite":3,"minecraft:glass":26,"minecraft:cherry_button":26,"minecraft:bow":2,"minecraft:beef":5,"minecraft:furnace":1,"minecraft:cooked_beef":3,"minecraft:cobbled_deepslate":8,"minecraft:pumpkin":1,"minecraft:cooked_mutton":7,"minecraft:water_bucket":30,"minecraft:diorite":6,"minecraft:stone_pickaxe":496,"minecraft:oak_planks":8,"minecraft:wooden_pickaxe":74,"minecraft:cherry_planks":63,"minecraft:crafting_table":1,"minecraft:white_bed":4,"minecraft:diamond_pickaxe":447,"minecraft:apple":3,"minecraft:cherry_door":5,"minecraft:chicken":5,"minecraft:bread":12,"minecraft:iron_pickaxe":8,"minecraft:stone_axe":47,"minecraft:wooden_sword":42,"minecraft:cobblestone":203,"minecraft:porkchop":4,"minecraft:cooked_porkchop":6,"minecraft:bucket":30,"minecraft:kelp":6},"minecraft:picked_up":{"minecraft:iron_chestplate":1,"minecraft:chicken":16,"minecraft:ladder":127,"minecraft:oak_stairs":1,"minecraft:cornflower":1,"minecraft:raw_copper":172,"minecraft:wooden_sword":1,"minecraft:iron_leggings":1,"minecraft:white_carpet":3,"minecraft:diamond_leggings":1,"minecraft:cobbled_deepslate":113,"minecraft:bucket":1,"minecraft:music_disc_otherside":1,"minecraft:beef":5,"minecraft:light_gray_wool":3,"minecraft:chest":7,"minecraft:cherry_button":2,"minecraft:stick":9,"minecraft:oak_door":3,"minecraft:torch":165,"minecraft:porkchop":9,"minecraft:cherry_log":52,"minecraft:diorite":41,"minecraft:redstone":93,"minecraft:stone_sword":7,"minecraft:arrow":4,"minecraft:rotten_flesh":17,"minecraft:stone_shovel":7,"minecraft:mutton":23,"minecraft:white_wool":8,"minecraft:cobblestone":1446,"minecraft:feather":48,"minecraft:cooked_beef":2,"minecraft:cherry_planks":16,"minecraft:water_bucket":4,"minecraft:leather":9,"minecraft:tuff":4,"minecraft:oak_log":2,"minecraft:yellow_bed":1,"minecraft:dirt":227,"minecraft:cherry_door":1,"minecraft:cooked_mutton":3,"minecraft:bone":7,"minecraft:kelp":56,"minecraft:bow":2,"minecraft:wheat_seeds":11,"minecraft:stone_pickaxe":2,"minecraft:oak_planks":8,"minecraft:cooked_porkchop":3,"minecraft:pumpkin":2,"minecraft:dandelion":1,"minecraft:ink_sac":3,"minecraft:white_bed":4,"minecraft:diamond":15,"minecraft:polished_diorite":13,"minecraft:stone_axe":6,"minecraft:iron_helmet":1,"minecraft:granite":5,"minecraft:diamond_axe":2,"minecraft:bread":15,"minecraft:emerald":2,"minecraft:black_wool":3,"minecraft:coal":293,"minecraft:diamond_pickaxe":7},"minecraft:crafted":{"minecraft:cherry_planks":260,"minecraft:oak_planks":12,"minecraft:stone_shovel":2,"minecraft:oak_pressure_plate":1,"minecraft:cooked_chicken":1,"minecraft:furnace":1,"minecraft:white_carpet":9,"minecraft:cooked_mutton":15,"minecraft:glass":4,"minecraft:iron_boots":2,"minecraft:ladder":33,"minecraft:cherry_stairs":4,"minecraft:stone_pickaxe":5,"minecraft:chest":12,"minecraft:cooked_beef":3,"minecraft:cooked_porkchop":4,"minecraft:crafting_table":1,"minecraft:iron_helmet":2,"minecraft:cherry_button":24,"minecraft:cooked_salmon":1,"minecraft:stone_axe":3,"minecraft:iron_chestplate":2,"minecraft:diamond_pickaxe":1,"minecraft:shield":1,"minecraft:stick":120,"minecraft:iron_ingot":9,"minecraft:stone_sword":3,"minecraft:cherry_door":6,"minecraft:iron_leggings":2,"minecraft:white_bed":3,"minecraft:torch":56},"minecraft:mined":{"minecraft:tuff":4,"minecraft:white_bed":4,"minecraft:oak_door":3,"minecraft:granite":5,"minecraft:ladder":1,"minecraft:grass_block":46,"minecraft:polished_diorite":13,"minecraft:kelp":2,"minecraft:cobbled_deepslate":3,"minecraft:pumpkin":2,"minecraft:oak_stairs":1,"minecraft:stone":559,"minecraft:deepslate_redstone_ore":12,"minecraft:cherry_planks":12,"minecraft:kelp_plant":8,"minecraft:dandelion":1,"minecraft:cornflower":1,"minecraft:torch":6,"minecraft:short_grass":48,"minecraft:emerald_ore":1,"minecraft:chest":6,"minecraft:glass":8,"minecraft:cobblestone":121,"minecraft:copper_ore":10,"minecraft:oak_planks":6,"minecraft:diorite":41,"minecraft:wall_torch":5,"minecraft:white_carpet":1,"minecraft:cherry_door":1,"minecraft:yellow_bed":1,"minecraft:coal_ore":98,"minecraft:cherry_button":1,"minecraft:dirt":103,"minecraft:oak_leaves":1,"minecraft:deepslate":110},"minecraft:broken":{"minecraft:stone_sword":1,"minecraft:wooden_pickaxe":1,"minecraft:stone_pickaxe":3},"minecraft:killed_by":{"minecraft:creeper":1,"minecraft:iron_golem":1,"minecraft:skeleton":1,"minecraft:zombie":3},"minecraft:custom":{"minecraft:mob_kills":29,"minecraft:interact_with_crafting_table":82,"minecraft:leave_game":9,"minecraft:time_since_death":182,"minecraft:climb_one_cm":75114,"minecraft:sprint_one_cm":1063373,"minecraft:walk_one_cm":646649,"minecraft:damage_blocked_by_shield":255,"minecraft:drop":119,"minecraft:play_time":284736,"minecraft:deaths":11,"minecraft:sneak_time":1053,"minecraft:walk_under_water_one_cm":26544,"minecraft:jump":2705,"minecraft:walk_on_water_one_cm":38203,"minecraft:total_world_time":284736,"minecraft:interact_with_furnace":32,"minecraft:play_record":1,"minecraft:sleep_in_bed":6,"minecraft:time_since_rest":241,"minecraft:damage_taken":3371,"minecraft:damage_dealt":3419,"minecraft:swim_one_cm":23882,"minecraft:fly_one_cm":342929,"minecraft:open_chest":480,"minecraft:crouch_one_cm":1771,"minecraft:interact_with_smoker":6,"minecraft:fall_one_cm":54221},"minecraft:dropped":{"minecraft:iron_ingot":9,"minecraft:wheat_seeds":3,"minecraft:diamond_axe":2,"minecraft:diamond":10,"minecraft:cooked_porkchop":1,"minecraft:diamond_leggings":2,"minecraft:iron_helmet":1,"minecraft:cobblestone":59,"minecraft:dirt":1,"minecraft:cooked_salmon":1,"minecraft:diamond_helmet":1,"minecraft:iron_leggings":1,"minecraft:bucket":1,"minecraft:redstone":39,"minecraft:stone_axe":2,"minecraft:stone_sword":5,"minecraft:cobbled_deepslate":23,"minecraft:stone_shovel":1,"minecraft:chicken":1,"minecraft:white_carpet":2,"minecraft:rotten_flesh":1,"minecraft:iron_boots":1,"minecraft:diamond_shovel":1,"minecraft:diamond_sword":1,"minecraft:diamond_chestplate":1,"minecraft:diamond_pickaxe":2,"minecraft:iron_chestplate":1,"minecraft:diamond_boots":1,"minecraft:stone_pickaxe":2},"minecraft:killed":{"minecraft:horse":1,"minecraft:skeleton":1,"minecraft:chicken":8,"minecraft:pig":4,"minecraft:bat":1,"minecraft:squid":1,"minecraft:sheep":6,"minecraft:zombie":3,"minecraft:cow":2}},"DataVersion":3953}