{"stats":{"minecraft:custom":{"minecraft:interact_with_furnace":8,"minecraft:mob_kills":8,"minecraft:interact_with_crafting_table":37,"minecraft:leave_game":3,"minecraft:time_since_death":42927,"minecraft:sleep_in_bed":5,"minecraft:climb_one_cm":50627,"minecraft:time_since_rest":5311,"minecraft:sprint_one_cm":428440,"minecraft:damage_taken":672,"minecraft:walk_one_cm":190084,"minecraft:drop":83,"minecraft:damage_dealt":683,"minecraft:swim_one_cm":14943,"minecraft:fly_one_cm":108404,"minecraft:open_chest":235,"minecraft:crouch_one_cm":830,"minecraft:play_time":99195,"minecraft:deaths":3,"minecraft:sneak_time":421,"minecraft:walk_under_water_one_cm":12652,"minecraft:jump":850,"minecraft:walk_on_water_one_cm":10424,"minecraft:interact_with_smoker":6,"minecraft:total_world_time":99195,"minecraft:fall_one_cm":9778},"minecraft:dropped":{"minecraft:iron_ingot":9,"minecraft:wheat_seeds":1,"minecraft:stone_sword":1,"minecraft:cobbled_deepslate":23,"minecraft:diamond_leggings":2,"minecraft:chicken":1,"minecraft:white_carpet":2,"minecraft:cobblestone":58,"minecraft:diamond_chestplate":1,"minecraft:diamond_pickaxe":1,"minecraft:diamond_helmet":1,"minecraft:diamond_boots":1,"minecraft:redstone":39},"minecraft:used":{"minecraft:water_bucket":9,"minecraft:stone_sword":59,"minecraft:stone_shovel":1,"minecraft:stone_pickaxe":120,"minecraft:oak_planks":4,"minecraft:chest":5,"minecraft:torch":2,"minecraft:white_carpet":10,"minecraft:white_bed":1,"minecraft:diamond_pickaxe":35,"minecraft:bread":5,"minecraft:cobblestone":8,"minecraft:porkchop":3,"minecraft:cooked_porkchop":3,"minecraft:bucket":9,"minecraft:cooked_beef":1,"minecraft:cobbled_deepslate":8},"minecraft:killed_by":{"minecraft:creeper":1},"minecraft:killed":{"minecraft:pig":4,"minecraft:sheep":2,"minecraft:skeleton":1,"minecraft:chicken":1},"minecraft:mined":{"minecraft:deepslate_redstone_ore":12,"minecraft:tuff":4,"minecraft:short_grass":8,"minecraft:grass_block":2,"minecraft:chest":1,"minecraft:glass":1,"minecraft:cobblestone":14,"minecraft:oak_planks":2,"minecraft:cobbled_deepslate":3,"minecraft:white_carpet":1,"minecraft:pumpkin":1,"minecraft:coal_ore":4,"minecraft:stone":4,"minecraft:deepslate":110},"minecraft:picked_up":{"minecraft:ladder":21,"minecraft:chicken":2,"minecraft:cherry_planks":4,"minecraft:tuff":4,"minecraft:oak_log":2,"minecraft:dirt":2,"minecraft:cooked_mutton":1,"minecraft:white_carpet":3,"minecraft:bone":3,"minecraft:diamond_leggings":1,"minecraft:wheat_seeds":2,"minecraft:cobbled_deepslate":113,"minecraft:stone_pickaxe":1,"minecraft:chest":2,"minecraft:oak_planks":4,"minecraft:cooked_porkchop":3,"minecraft:pumpkin":1,"minecraft:torch":18,"minecraft:porkchop":7,"minecraft:cherry_log":52,"minecraft:redstone":93,"minecraft:stone_sword":2,"minecraft:arrow":2,"minecraft:stone_shovel":1,"minecraft:diamond":5,"minecraft:diamond_axe":1,"minecraft:bread":9,"minecraft:mutton":4,"minecraft:coal":3,"minecraft:white_wool":2,"minecraft:cobblestone":90,"minecraft:diamond_pickaxe":1},"minecraft:crafted":{"minecraft:cooked_beef":2,"minecraft:cherry_planks":64,"minecraft:oak_planks":4,"minecraft:stone_shovel":1,"minecraft:stone_axe":1,"minecraft:white_carpet":9,"minecraft:cooked_mutton":1,"minecraft:diamond_pickaxe":1,"minecraft:ladder":21,"minecraft:stick":60,"minecraft:iron_ingot":9,"minecraft:stone_pickaxe":1,"minecraft:stone_sword":1,"minecraft:chest":4,"minecraft:white_bed":1,"minecraft:torch":20}},"DataVersion":3953}