{"stats":{"minecraft:custom":{"minecraft:interact_with_furnace":8,"minecraft:mob_kills":13,"minecraft:interact_with_crafting_table":37,"minecraft:leave_game":5,"minecraft:time_since_death":13744,"minecraft:sleep_in_bed":5,"minecraft:climb_one_cm":50627,"minecraft:time_since_rest":13775,"minecraft:sprint_one_cm":555029,"minecraft:damage_taken":1536,"minecraft:walk_one_cm":242073,"minecraft:drop":89,"minecraft:damage_dealt":1550,"minecraft:swim_one_cm":14943,"minecraft:fly_one_cm":199330,"minecraft:open_chest":236,"minecraft:crouch_one_cm":1081,"minecraft:play_time":122602,"minecraft:deaths":5,"minecraft:sneak_time":454,"minecraft:walk_under_water_one_cm":15582,"minecraft:jump":1353,"minecraft:walk_on_water_one_cm":12756,"minecraft:interact_with_smoker":6,"minecraft:total_world_time":122602,"minecraft:fall_one_cm":24678},"minecraft:dropped":{"minecraft:iron_ingot":9,"minecraft:wheat_seeds":3,"minecraft:diamond_axe":2,"minecraft:stone_sword":1,"minecraft:cobbled_deepslate":23,"minecraft:diamond_leggings":2,"minecraft:chicken":1,"minecraft:white_carpet":2,"minecraft:cobblestone":58,"minecraft:diamond_shovel":1,"minecraft:diamond_sword":1,"minecraft:diamond_chestplate":1,"minecraft:diamond_pickaxe":1,"minecraft:diamond_helmet":1,"minecraft:diamond_boots":1,"minecraft:redstone":39},"minecraft:used":{"minecraft:cooked_mutton":1,"minecraft:water_bucket":11,"minecraft:stone_sword":129,"minecraft:stone_shovel":8,"minecraft:stone_pickaxe":131,"minecraft:oak_planks":4,"minecraft:chest":5,"minecraft:torch":3,"minecraft:dirt":1,"minecraft:white_carpet":10,"minecraft:white_bed":1,"minecraft:diamond_pickaxe":360,"minecraft:bread":12,"minecraft:cobblestone":12,"minecraft:cooked_porkchop":3,"minecraft:porkchop":3,"minecraft:bucket":11,"minecraft:cooked_beef":2,"minecraft:cobbled_deepslate":8},"minecraft:killed_by":{"minecraft:creeper":1,"minecraft:zombie":2},"minecraft:killed":{"minecraft:pig":4,"minecraft:sheep":2,"minecraft:horse":1,"minecraft:skeleton":1,"minecraft:zombie":1,"minecraft:chicken":4},"minecraft:mined":{"minecraft:deepslate_redstone_ore":12,"minecraft:tuff":4,"minecraft:torch":5,"minecraft:short_grass":24,"minecraft:grass_block":7,"minecraft:chest":1,"minecraft:glass":1,"minecraft:cobblestone":16,"minecraft:copper_ore":9,"minecraft:oak_planks":2,"minecraft:wall_torch":1,"minecraft:cobbled_deepslate":3,"minecraft:white_carpet":1,"minecraft:pumpkin":1,"minecraft:coal_ore":86,"minecraft:dirt":2,"minecraft:stone":245,"minecraft:oak_leaves":1,"minecraft:deepslate":110},"minecraft:picked_up":{"minecraft:feather":5,"minecraft:cooked_beef":2,"minecraft:ladder":63,"minecraft:chicken":5,"minecraft:cherry_planks":4,"minecraft:water_bucket":2,"minecraft:leather":2,"minecraft:tuff":4,"minecraft:oak_log":2,"minecraft:dirt":42,"minecraft:raw_copper":98,"minecraft:cooked_mutton":3,"minecraft:white_carpet":3,"minecraft:bone":3,"minecraft:diamond_leggings":1,"minecraft:wheat_seeds":4,"minecraft:cobbled_deepslate":113,"minecraft:stone_pickaxe":1,"minecraft:chest":2,"minecraft:oak_planks":4,"minecraft:cooked_porkchop":3,"minecraft:pumpkin":1,"minecraft:torch":60,"minecraft:porkchop":7,"minecraft:cherry_log":52,"minecraft:redstone":93,"minecraft:rotten_flesh":3,"minecraft:stone_sword":4,"minecraft:arrow":2,"minecraft:stone_shovel":3,"minecraft:diamond":5,"minecraft:stone_axe":2,"minecraft:diamond_axe":2,"minecraft:bread":15,"minecraft:mutton":4,"minecraft:coal":130,"minecraft:white_wool":2,"minecraft:cobblestone":343,"minecraft:diamond_pickaxe":3},"minecraft:broken":{"minecraft:stone_pickaxe":1},"minecraft:crafted":{"minecraft:cooked_beef":2,"minecraft:cherry_planks":64,"minecraft:oak_planks":4,"minecraft:stone_shovel":1,"minecraft:stone_axe":1,"minecraft:white_carpet":9,"minecraft:cooked_mutton":1,"minecraft:diamond_pickaxe":1,"minecraft:ladder":21,"minecraft:stick":60,"minecraft:iron_ingot":9,"minecraft:stone_pickaxe":1,"minecraft:stone_sword":1,"minecraft:chest":4,"minecraft:white_bed":1,"minecraft:torch":20}},"DataVersion":3953}