{"stats":{"minecraft:custom":{"minecraft:time_since_rest":1041,"minecraft:interact_with_furnace":4,"minecraft:sprint_one_cm":217334,"minecraft:damage_taken":582,"minecraft:walk_one_cm":104131,"minecraft:drop":66,"minecraft:damage_dealt":44,"minecraft:swim_one_cm":14408,"minecraft:interact_with_crafting_table":29,"minecraft:fly_one_cm":66962,"minecraft:open_chest":112,"minecraft:crouch_one_cm":587,"minecraft:play_time":50883,"minecraft:deaths":2,"minecraft:sneak_time":194,"minecraft:walk_under_water_one_cm":3320,"minecraft:jump":626,"minecraft:leave_game":1,"minecraft:time_since_death":44056,"minecraft:walk_on_water_one_cm":4072,"minecraft:sleep_in_bed":3,"minecraft:interact_with_smoker":4,"minecraft:total_world_time":50883,"minecraft:climb_one_cm":50627,"minecraft:fall_one_cm":4968},"minecraft:dropped":{"minecraft:cobbled_deepslate":23,"minecraft:diamond_pickaxe":1,"minecraft:white_carpet":2,"minecraft:cobblestone":58,"minecraft:redstone":39},"minecraft:used":{"minecraft:diamond_pickaxe":35,"minecraft:bread":2,"minecraft:stone_pickaxe":103,"minecraft:chest":1,"minecraft:torch":2,"minecraft:cobblestone":8,"minecraft:white_carpet":6,"minecraft:cooked_porkchop":3,"minecraft:white_bed":1,"minecraft:cobbled_deepslate":8},"minecraft:killed_by":{"minecraft:creeper":1},"minecraft:mined":{"minecraft:deepslate_redstone_ore":12,"minecraft:tuff":4,"minecraft:cobbled_deepslate":3,"minecraft:cobblestone":6,"minecraft:stone":2,"minecraft:deepslate":110},"minecraft:picked_up":{"minecraft:cooked_porkchop":3,"minecraft:tuff":4,"minecraft:redstone":93,"minecraft:white_carpet":2,"minecraft:diamond":5,"minecraft:cobbled_deepslate":113,"minecraft:cobblestone":69,"minecraft:diamond_pickaxe":1},"minecraft:crafted":{"minecraft:cherry_planks":48,"minecraft:oak_planks":4,"minecraft:stone_shovel":1,"minecraft:ladder":21,"minecraft:stick":56,"minecraft:stone_pickaxe":1,"minecraft:stone_sword":1,"minecraft:chest":2,"minecraft:white_bed":1,"minecraft:torch":20,"minecraft:white_carpet":6,"minecraft:cooked_mutton":1}},"DataVersion":3953}