{"stats":{"minecraft:custom":{"minecraft:time_since_rest":12355,"minecraft:open_chest":78,"minecraft:crouch_one_cm":587,"minecraft:play_time":26883,"minecraft:sprint_one_cm":110935,"minecraft:deaths":2,"minecraft:damage_taken":542,"minecraft:walk_one_cm":62978,"minecraft:sneak_time":187,"minecraft:walk_under_water_one_cm":3320,"minecraft:drop":64,"minecraft:jump":365,"minecraft:damage_dealt":44,"minecraft:leave_game":1,"minecraft:walk_on_water_one_cm":3883,"minecraft:time_since_death":20056,"minecraft:sleep_in_bed":1,"minecraft:climb_one_cm":31537,"minecraft:total_world_time":26883,"minecraft:swim_one_cm":14408,"minecraft:interact_with_crafting_table":5,"minecraft:fall_one_cm":4160,"minecraft:fly_one_cm":40493},"minecraft:dropped":{"minecraft:cobblestone":58,"minecraft:cobbled_deepslate":23,"minecraft:diamond_pickaxe":1,"minecraft:redstone":39},"minecraft:used":{"minecraft:diamond_pickaxe":35,"minecraft:cobblestone":3,"minecraft:cooked_porkchop":2,"minecraft:stone_pickaxe":9,"minecraft:white_bed":1,"minecraft:cobbled_deepslate":7},"minecraft:killed_by":{"minecraft:creeper":1},"minecraft:mined":{"minecraft:deepslate_redstone_ore":12,"minecraft:cobblestone":1,"minecraft:cobbled_deepslate":2,"minecraft:deepslate":28},"minecraft:picked_up":{"minecraft:cooked_porkchop":3,"minecraft:cobbled_deepslate":30,"minecraft:redstone":93,"minecraft:cobblestone":63,"minecraft:diamond_pickaxe":1},"minecraft:crafted":{"minecraft:stone_sword":1,"minecraft:white_bed":1,"minecraft:oak_planks":4,"minecraft:stone_shovel":1,"minecraft:stone_pickaxe":1}},"DataVersion":3953}