{"stats":{"minecraft:custom":{"minecraft:interact_with_furnace":14,"minecraft:mob_kills":25,"minecraft:interact_with_crafting_table":46,"minecraft:leave_game":5,"minecraft:time_since_death":13252,"minecraft:sleep_in_bed":5,"minecraft:climb_one_cm":51771,"minecraft:time_since_rest":13275,"minecraft:sprint_one_cm":699851,"minecraft:damage_taken":2943,"minecraft:walk_one_cm":341639,"minecraft:damage_blocked_by_shield":255,"minecraft:drop":89,"minecraft:damage_dealt":2678,"minecraft:swim_one_cm":14943,"minecraft:fly_one_cm":289301,"minecraft:open_chest":270,"minecraft:crouch_one_cm":1367,"minecraft:play_time":164602,"minecraft:deaths":10,"minecraft:sneak_time":548,"minecraft:walk_under_water_one_cm":15582,"minecraft:jump":2027,"minecraft:walk_on_water_one_cm":14185,"minecraft:interact_with_smoker":6,"minecraft:total_world_time":164602,"minecraft:fall_one_cm":45626},"minecraft:dropped":{"minecraft:iron_ingot":9,"minecraft:wheat_seeds":3,"minecraft:diamond_axe":2,"minecraft:stone_sword":1,"minecraft:cobbled_deepslate":23,"minecraft:diamond_leggings":2,"minecraft:chicken":1,"minecraft:white_carpet":2,"minecraft:cobblestone":58,"minecraft:diamond_shovel":1,"minecraft:diamond_sword":1,"minecraft:diamond_chestplate":1,"minecraft:diamond_pickaxe":1,"minecraft:diamond_helmet":1,"minecraft:diamond_boots":1,"minecraft:redstone":39},"minecraft:used":{"minecraft:diorite":4,"minecraft:cooked_mutton":1,"minecraft:water_bucket":12,"minecraft:stone_sword":152,"minecraft:stone_shovel":35,"minecraft:stone_pickaxe":236,"minecraft:oak_planks":4,"minecraft:wooden_pickaxe":74,"minecraft:chest":5,"minecraft:shield":9,"minecraft:rotten_flesh":2,"minecraft:oak_door":1,"minecraft:torch":7,"minecraft:dirt":21,"minecraft:mutton":3,"minecraft:white_carpet":10,"minecraft:crafting_table":1,"minecraft:white_bed":1,"minecraft:polished_diorite":1,"minecraft:diamond_pickaxe":401,"minecraft:chicken":5,"minecraft:bread":12,"minecraft:iron_pickaxe":8,"minecraft:wooden_sword":42,"minecraft:stone_axe":3,"minecraft:cobblestone":88,"minecraft:beef":5,"minecraft:furnace":1,"minecraft:cooked_porkchop":3,"minecraft:porkchop":4,"minecraft:bucket":12,"minecraft:pumpkin":1,"minecraft:cooked_beef":2,"minecraft:cobbled_deepslate":8},"minecraft:killed_by":{"minecraft:skeleton":1,"minecraft:creeper":1,"minecraft:zombie":3,"minecraft:iron_golem":1},"minecraft:killed":{"minecraft:pig":4,"minecraft:sheep":6,"minecraft:horse":1,"minecraft:skeleton":1,"minecraft:zombie":2,"minecraft:chicken":8,"minecraft:cow":2},"minecraft:mined":{"minecraft:white_bed":3,"minecraft:deepslate_redstone_ore":12,"minecraft:tuff":4,"minecraft:dandelion":1,"minecraft:granite":3,"minecraft:cornflower":1,"minecraft:torch":6,"minecraft:short_grass":47,"minecraft:emerald_ore":1,"minecraft:grass_block":28,"minecraft:chest":1,"minecraft:glass":1,"minecraft:cobblestone":29,"minecraft:copper_ore":9,"minecraft:polished_diorite":13,"minecraft:oak_planks":2,"minecraft:diorite":37,"minecraft:wall_torch":2,"minecraft:cobbled_deepslate":3,"minecraft:white_carpet":1,"minecraft:pumpkin":2,"minecraft:yellow_bed":1,"minecraft:coal_ore":98,"minecraft:oak_stairs":1,"minecraft:dirt":23,"minecraft:stone":357,"minecraft:oak_leaves":1,"minecraft:deepslate":110},"minecraft:picked_up":{"minecraft:feather":48,"minecraft:cooked_beef":2,"minecraft:ladder":126,"minecraft:chicken":16,"minecraft:cherry_planks":4,"minecraft:water_bucket":4,"minecraft:leather":9,"minecraft:oak_stairs":1,"minecraft:tuff":4,"minecraft:oak_log":2,"minecraft:yellow_bed":1,"minecraft:cornflower":1,"minecraft:dirt":117,"minecraft:wooden_sword":1,"minecraft:raw_copper":170,"minecraft:cooked_mutton":3,"minecraft:white_carpet":3,"minecraft:bone":5,"minecraft:diamond_leggings":1,"minecraft:wheat_seeds":7,"minecraft:cobbled_deepslate":113,"minecraft:beef":5,"minecraft:stone_pickaxe":1,"minecraft:light_gray_wool":3,"minecraft:chest":2,"minecraft:oak_planks":4,"minecraft:cooked_porkchop":3,"minecraft:pumpkin":2,"minecraft:torch":131,"minecraft:dandelion":1,"minecraft:porkchop":9,"minecraft:cherry_log":52,"minecraft:diorite":37,"minecraft:white_bed":3,"minecraft:redstone":93,"minecraft:polished_diorite":13,"minecraft:rotten_flesh":16,"minecraft:stone_sword":4,"minecraft:arrow":2,"minecraft:stone_shovel":6,"minecraft:diamond":5,"minecraft:stone_axe":5,"minecraft:granite":3,"minecraft:diamond_axe":2,"minecraft:emerald":2,"minecraft:bread":15,"minecraft:black_wool":3,"minecraft:mutton":23,"minecraft:coal":293,"minecraft:white_wool":8,"minecraft:cobblestone":1152,"minecraft:diamond_pickaxe":6},"minecraft:broken":{"minecraft:stone_pickaxe":1,"minecraft:stone_sword":1,"minecraft:wooden_pickaxe":1},"minecraft:crafted":{"minecraft:cooked_beef":2,"minecraft:cherry_planks":108,"minecraft:oak_planks":4,"minecraft:stone_shovel":2,"minecraft:crafting_table":1,"minecraft:furnace":1,"minecraft:stone_axe":2,"minecraft:white_carpet":9,"minecraft:cooked_mutton":5,"minecraft:diamond_pickaxe":1,"minecraft:ladder":21,"minecraft:stick":68,"minecraft:cherry_stairs":4,"minecraft:iron_ingot":9,"minecraft:stone_pickaxe":2,"minecraft:cherry_door":3,"minecraft:stone_sword":2,"minecraft:chest":4,"minecraft:white_bed":1,"minecraft:torch":24}},"DataVersion":3953}