{"stats":{"minecraft:custom":{"minecraft:mob_kills":27,"minecraft:interact_with_crafting_table":48,"minecraft:leave_game":5,"minecraft:time_since_death":25252,"minecraft:climb_one_cm":51771,"minecraft:sprint_one_cm":721856,"minecraft:walk_one_cm":371008,"minecraft:damage_blocked_by_shield":255,"minecraft:drop":91,"minecraft:play_time":176602,"minecraft:deaths":10,"minecraft:sneak_time":992,"minecraft:walk_under_water_one_cm":15582,"minecraft:jump":2107,"minecraft:walk_on_water_one_cm":14185,"minecraft:total_world_time":176602,"minecraft:interact_with_furnace":16,"minecraft:sleep_in_bed":5,"minecraft:time_since_rest":25275,"minecraft:damage_taken":3118,"minecraft:damage_dealt":3126,"minecraft:swim_one_cm":14943,"minecraft:fly_one_cm":290402,"minecraft:open_chest":275,"minecraft:crouch_one_cm":1771,"minecraft:interact_with_smoker":6,"minecraft:fall_one_cm":47794},"minecraft:dropped":{"minecraft:iron_ingot":9,"minecraft:wheat_seeds":3,"minecraft:diamond_axe":2,"minecraft:diamond_leggings":2,"minecraft:cobblestone":58,"minecraft:dirt":1,"minecraft:diamond_helmet":1,"minecraft:redstone":39,"minecraft:stone_sword":1,"minecraft:cobbled_deepslate":23,"minecraft:chicken":1,"minecraft:white_carpet":2,"minecraft:rotten_flesh":1,"minecraft:diamond_shovel":1,"minecraft:diamond_sword":1,"minecraft:diamond_chestplate":1,"minecraft:diamond_pickaxe":1,"minecraft:diamond_boots":1},"minecraft:used":{"minecraft:stone_sword":152,"minecraft:stone_shovel":35,"minecraft:chest":8,"minecraft:shield":9,"minecraft:rotten_flesh":2,"minecraft:oak_door":3,"minecraft:torch":7,"minecraft:dirt":57,"minecraft:mutton":3,"minecraft:white_carpet":10,"minecraft:granite":2,"minecraft:polished_diorite":3,"minecraft:beef":5,"minecraft:furnace":1,"minecraft:cooked_beef":2,"minecraft:cobbled_deepslate":8,"minecraft:pumpkin":1,"minecraft:cooked_mutton":1,"minecraft:water_bucket":12,"minecraft:diorite":4,"minecraft:stone_pickaxe":275,"minecraft:oak_planks":4,"minecraft:wooden_pickaxe":74,"minecraft:cherry_planks":36,"minecraft:crafting_table":1,"minecraft:white_bed":1,"minecraft:diamond_pickaxe":401,"minecraft:cherry_door":2,"minecraft:bread":12,"minecraft:chicken":5,"minecraft:iron_pickaxe":8,"minecraft:stone_axe":32,"minecraft:wooden_sword":42,"minecraft:cobblestone":91,"minecraft:porkchop":4,"minecraft:cooked_porkchop":3,"minecraft:bucket":12},"minecraft:killed_by":{"minecraft:creeper":1,"minecraft:iron_golem":1,"minecraft:skeleton":1,"minecraft:zombie":3},"minecraft:killed":{"minecraft:horse":1,"minecraft:skeleton":1,"minecraft:chicken":8,"minecraft:pig":4,"minecraft:bat":1,"minecraft:sheep":6,"minecraft:zombie":3,"minecraft:cow":2},"minecraft:mined":{"minecraft:tuff":4,"minecraft:white_bed":3,"minecraft:oak_door":3,"minecraft:granite":5,"minecraft:grass_block":28,"minecraft:polished_diorite":13,"minecraft:cobbled_deepslate":3,"minecraft:pumpkin":2,"minecraft:oak_stairs":1,"minecraft:stone":384,"minecraft:deepslate_redstone_ore":12,"minecraft:cherry_planks":8,"minecraft:dandelion":1,"minecraft:cornflower":1,"minecraft:torch":6,"minecraft:short_grass":47,"minecraft:emerald_ore":1,"minecraft:chest":1,"minecraft:glass":1,"minecraft:copper_ore":9,"minecraft:cobblestone":39,"minecraft:oak_planks":2,"minecraft:diorite":37,"minecraft:wall_torch":2,"minecraft:white_carpet":1,"minecraft:yellow_bed":1,"minecraft:coal_ore":98,"minecraft:dirt":66,"minecraft:oak_leaves":1,"minecraft:deepslate":110},"minecraft:broken":{"minecraft:stone_sword":1,"minecraft:wooden_pickaxe":1,"minecraft:stone_pickaxe":2},"minecraft:picked_up":{"minecraft:chicken":16,"minecraft:ladder":126,"minecraft:oak_stairs":1,"minecraft:cornflower":1,"minecraft:raw_copper":170,"minecraft:wooden_sword":1,"minecraft:white_carpet":3,"minecraft:diamond_leggings":1,"minecraft:cobbled_deepslate":113,"minecraft:beef":5,"minecraft:light_gray_wool":3,"minecraft:chest":2,"minecraft:oak_door":3,"minecraft:torch":131,"minecraft:porkchop":9,"minecraft:cherry_log":52,"minecraft:diorite":37,"minecraft:redstone":93,"minecraft:stone_sword":4,"minecraft:arrow":2,"minecraft:stone_shovel":6,"minecraft:rotten_flesh":17,"minecraft:mutton":23,"minecraft:white_wool":8,"minecraft:cobblestone":1187,"minecraft:feather":48,"minecraft:cooked_beef":2,"minecraft:cherry_planks":12,"minecraft:water_bucket":4,"minecraft:leather":9,"minecraft:tuff":4,"minecraft:oak_log":2,"minecraft:yellow_bed":1,"minecraft:dirt":160,"minecraft:cooked_mutton":3,"minecraft:bone":5,"minecraft:wheat_seeds":7,"minecraft:stone_pickaxe":1,"minecraft:oak_planks":4,"minecraft:cooked_porkchop":3,"minecraft:pumpkin":2,"minecraft:dandelion":1,"minecraft:white_bed":3,"minecraft:diamond":5,"minecraft:stone_axe":5,"minecraft:polished_diorite":13,"minecraft:diamond_axe":2,"minecraft:granite":5,"minecraft:bread":15,"minecraft:emerald":2,"minecraft:black_wool":3,"minecraft:coal":293,"minecraft:diamond_pickaxe":6},"minecraft:crafted":{"minecraft:cherry_planks":152,"minecraft:oak_planks":4,"minecraft:stone_shovel":2,"minecraft:furnace":1,"minecraft:white_carpet":9,"minecraft:cooked_mutton":9,"minecraft:ladder":21,"minecraft:cherry_stairs":4,"minecraft:stone_pickaxe":3,"minecraft:chest":7,"minecraft:cooked_beef":2,"minecraft:cooked_porkchop":4,"minecraft:crafting_table":1,"minecraft:stone_axe":2,"minecraft:diamond_pickaxe":1,"minecraft:stick":68,"minecraft:iron_ingot":9,"minecraft:stone_sword":2,"minecraft:cherry_door":3,"minecraft:white_bed":1,"minecraft:torch":24}},"DataVersion":3953}