{"stats":{"minecraft:custom":{"minecraft:time_since_rest":355,"minecraft:open_chest":69,"minecraft:crouch_one_cm":122,"minecraft:play_time":14883,"minecraft:sprint_one_cm":46631,"minecraft:deaths":2,"minecraft:damage_taken":532,"minecraft:walk_one_cm":22748,"minecraft:sneak_time":69,"minecraft:walk_under_water_one_cm":3320,"minecraft:drop":1,"minecraft:jump":128,"minecraft:damage_dealt":44,"minecraft:leave_game":1,"minecraft:walk_on_water_one_cm":3693,"minecraft:time_since_death":8056,"minecraft:sleep_in_bed":1,"minecraft:total_world_time":14883,"minecraft:swim_one_cm":14408,"minecraft:interact_with_crafting_table":4,"minecraft:fall_one_cm":3828,"minecraft:fly_one_cm":21745},"minecraft:dropped":{"minecraft:cobblestone":58},"minecraft:used":{"minecraft:white_bed":1},"minecraft:killed_by":{"minecraft:creeper":1},"minecraft:picked_up":{"minecraft:cobblestone":59},"minecraft:crafted":{"minecraft:stone_sword":1,"minecraft:white_bed":1,"minecraft:oak_planks":4,"minecraft:stone_shovel":1,"minecraft:stone_pickaxe":1}},"DataVersion":3953}