{"stats":{"minecraft:custom":{"minecraft:time_since_rest":11026,"minecraft:interact_with_furnace":4,"minecraft:sprint_one_cm":172223,"minecraft:damage_taken":582,"minecraft:walk_one_cm":83468,"minecraft:drop":64,"minecraft:damage_dealt":44,"minecraft:swim_one_cm":14408,"minecraft:interact_with_crafting_table":17,"minecraft:fly_one_cm":57530,"minecraft:open_chest":94,"minecraft:crouch_one_cm":587,"minecraft:play_time":38883,"minecraft:deaths":2,"minecraft:sneak_time":187,"minecraft:walk_under_water_one_cm":3320,"minecraft:jump":538,"minecraft:leave_game":1,"minecraft:time_since_death":32056,"minecraft:walk_on_water_one_cm":4072,"minecraft:sleep_in_bed":2,"minecraft:interact_with_smoker":4,"minecraft:total_world_time":38883,"minecraft:climb_one_cm":41409,"minecraft:fall_one_cm":4968},"minecraft:dropped":{"minecraft:cobbled_deepslate":23,"minecraft:diamond_pickaxe":1,"minecraft:cobblestone":58,"minecraft:redstone":39},"minecraft:used":{"minecraft:diamond_pickaxe":35,"minecraft:bread":1,"minecraft:stone_pickaxe":72,"minecraft:torch":2,"minecraft:cobblestone":4,"minecraft:cooked_porkchop":3,"minecraft:white_bed":1,"minecraft:cobbled_deepslate":7},"minecraft:killed_by":{"minecraft:creeper":1},"minecraft:mined":{"minecraft:deepslate_redstone_ore":12,"minecraft:tuff":4,"minecraft:cobbled_deepslate":2,"minecraft:cobblestone":2,"minecraft:deepslate":86},"minecraft:picked_up":{"minecraft:cooked_porkchop":3,"minecraft:tuff":4,"minecraft:redstone":93,"minecraft:diamond":5,"minecraft:cobbled_deepslate":88,"minecraft:cobblestone":64,"minecraft:diamond_pickaxe":1},"minecraft:crafted":{"minecraft:cherry_planks":12,"minecraft:oak_planks":4,"minecraft:stone_shovel":1,"minecraft:stick":12,"minecraft:stone_pickaxe":1,"minecraft:stone_sword":1,"minecraft:white_bed":1,"minecraft:torch":20,"minecraft:cooked_mutton":1}},"DataVersion":3953}