{"stats":{"minecraft:used":{"minecraft:stone_sword":180,"minecraft:stone_shovel":218,"minecraft:ladder":2,"minecraft:chest":19,"minecraft:shield":23,"minecraft:iron_sword":35,"minecraft:netherrack":44,"minecraft:cooked_chicken":2,"minecraft:rotten_flesh":2,"minecraft:oak_door":3,"minecraft:torch":13,"minecraft:dirt":103,"minecraft:warped_wart_block":1,"minecraft:mutton":3,"minecraft:white_carpet":10,"minecraft:granite":2,"minecraft:polished_diorite":3,"minecraft:glass":26,"minecraft:iron_axe":3,"minecraft:cherry_button":28,"minecraft:crimson_roots":1,"minecraft:magma_block":16,"minecraft:bow":2,"minecraft:beef":5,"minecraft:furnace":1,"minecraft:cooked_beef":5,"minecraft:cobbled_deepslate":8,"minecraft:pumpkin":1,"minecraft:cooked_mutton":14,"minecraft:water_bucket":30,"minecraft:diorite":6,"minecraft:stone_pickaxe":501,"minecraft:oak_planks":12,"minecraft:ender_pearl":1,"minecraft:wooden_pickaxe":74,"minecraft:cherry_planks":63,"minecraft:crafting_table":1,"minecraft:white_bed":5,"minecraft:diamond_pickaxe":448,"minecraft:apple":3,"minecraft:cherry_door":7,"minecraft:chicken":5,"minecraft:bread":12,"minecraft:iron_pickaxe":329,"minecraft:stone_axe":50,"minecraft:nether_wart_block":1,"minecraft:wooden_sword":42,"minecraft:cobblestone":211,"minecraft:porkchop":5,"minecraft:cooked_porkchop":7,"minecraft:bucket":30,"minecraft:kelp":6},"minecraft:picked_up":{"minecraft:iron_chestplate":2,"minecraft:chicken":17,"minecraft:ladder":169,"minecraft:oak_stairs":1,"minecraft:shield":5,"minecraft:iron_axe":2,"minecraft:cornflower":1,"minecraft:raw_copper":192,"minecraft:wooden_sword":1,"minecraft:iron_leggings":2,"minecraft:white_carpet":3,"minecraft:shroomlight":3,"minecraft:diamond_leggings":1,"minecraft:gold_nugget":197,"minecraft:cobbled_deepslate":113,"minecraft:bucket":1,"minecraft:music_disc_otherside":2,"minecraft:beef":5,"minecraft:iron_pickaxe":2,"minecraft:light_gray_wool":3,"minecraft:chest":7,"minecraft:cherry_button":2,"minecraft:iron_boots":2,"minecraft:sandstone":2,"minecraft:stick":18,"minecraft:oak_door":3,"minecraft:torch":197,"minecraft:porkchop":13,"minecraft:cherry_log":52,"minecraft:diorite":41,"minecraft:redstone":93,"minecraft:quartz_block":1,"minecraft:stone_sword":8,"minecraft:arrow":10,"minecraft:stone_shovel":8,"minecraft:rotten_flesh":17,"minecraft:mutton":23,"minecraft:white_wool":8,"minecraft:cobblestone":1571,"minecraft:magma_block":56,"minecraft:feather":48,"minecraft:cooked_beef":4,"minecraft:cherry_planks":16,"minecraft:water_bucket":4,"minecraft:leather":9,"minecraft:tuff":4,"minecraft:oak_log":2,"minecraft:nether_wart_block":4,"minecraft:yellow_bed":1,"minecraft:dirt":324,"minecraft:cherry_door":2,"minecraft:cooked_mutton":4,"minecraft:bone":15,"minecraft:kelp":56,"minecraft:bow":4,"minecraft:wheat_seeds":12,"minecraft:warped_stem":3,"minecraft:stone_pickaxe":3,"minecraft:iron_sword":2,"minecraft:oak_planks":12,"minecraft:warped_fungus":1,"minecraft:cooked_porkchop":3,"minecraft:pumpkin":2,"minecraft:quartz":40,"minecraft:warped_wart_block":64,"minecraft:dandelion":1,"minecraft:sand":124,"minecraft:ink_sac":3,"minecraft:white_bed":5,"minecraft:diamond":15,"minecraft:stone_axe":7,"minecraft:polished_diorite":13,"minecraft:iron_helmet":2,"minecraft:diamond_axe":2,"minecraft:granite":5,"minecraft:warped_roots":13,"minecraft:emerald":2,"minecraft:bread":15,"minecraft:warped_nylium":3,"minecraft:netherrack":299,"minecraft:black_wool":3,"minecraft:coal":302,"minecraft:crimson_roots":1,"minecraft:ender_pearl":2,"minecraft:diamond_pickaxe":7},"minecraft:crafted":{"minecraft:cherry_planks":288,"minecraft:oak_planks":12,"minecraft:stone_shovel":3,"minecraft:oak_pressure_plate":1,"minecraft:cooked_chicken":2,"minecraft:furnace":1,"minecraft:white_carpet":9,"minecraft:cooked_mutton":15,"minecraft:quartz_block":1,"minecraft:glass":4,"minecraft:iron_boots":2,"minecraft:iron_axe":1,"minecraft:ladder":33,"minecraft:cherry_stairs":4,"minecraft:stone_pickaxe":5,"minecraft:chest":13,"minecraft:cooked_beef":3,"minecraft:cooked_porkchop":7,"minecraft:crafting_table":1,"minecraft:iron_helmet":2,"minecraft:iron_sword":1,"minecraft:cherry_button":26,"minecraft:cooked_salmon":1,"minecraft:stone_axe":3,"minecraft:iron_chestplate":2,"minecraft:diamond_pickaxe":1,"minecraft:shield":2,"minecraft:stick":132,"minecraft:iron_ingot":9,"minecraft:iron_pickaxe":3,"minecraft:stone_sword":3,"minecraft:cherry_door":9,"minecraft:iron_leggings":2,"minecraft:white_bed":3,"minecraft:torch":56},"minecraft:mined":{"minecraft:nether_gold_ore":23,"minecraft:tuff":4,"minecraft:white_bed":5,"minecraft:oak_door":3,"minecraft:ladder":1,"minecraft:granite":5,"minecraft:grass_block":46,"minecraft:polished_diorite":13,"minecraft:kelp":2,"minecraft:sandstone":2,"minecraft:magma_block":52,"minecraft:cobbled_deepslate":3,"minecraft:pumpkin":2,"minecraft:twisting_vines":1,"minecraft:shroomlight":3,"minecraft:oak_stairs":1,"minecraft:warped_stem":1,"minecraft:stone":560,"minecraft:deepslate_redstone_ore":12,"minecraft:cherry_planks":12,"minecraft:crimson_nylium":2,"minecraft:kelp_plant":8,"minecraft:dandelion":1,"minecraft:cornflower":1,"minecraft:torch":7,"minecraft:short_grass":50,"minecraft:emerald_ore":1,"minecraft:warped_roots":3,"minecraft:chest":6,"minecraft:nether_quartz_ore":23,"minecraft:glass":8,"minecraft:copper_ore":15,"minecraft:cobblestone":128,"minecraft:oak_planks":10,"minecraft:diorite":41,"minecraft:wall_torch":5,"minecraft:warped_wart_block":28,"minecraft:warped_nylium":25,"minecraft:nether_wart_block":3,"minecraft:white_carpet":1,"minecraft:cherry_door":2,"minecraft:warped_fungus":1,"minecraft:yellow_bed":1,"minecraft:coal_ore":107,"minecraft:cherry_button":1,"minecraft:sand":133,"minecraft:dirt":110,"minecraft:netherrack":140,"minecraft:oak_leaves":1,"minecraft:deepslate":110},"minecraft:broken":{"minecraft:stone_sword":1,"minecraft:wooden_pickaxe":1,"minecraft:stone_pickaxe":3,"minecraft:iron_pickaxe":1,"minecraft:stone_shovel":1},"minecraft:killed_by":{"minecraft:creeper":1,"minecraft:enderman":2,"minecraft:iron_golem":1,"minecraft:piglin":1,"minecraft:skeleton":1,"minecraft:zombie":3},"minecraft:custom":{"minecraft:mob_kills":38,"minecraft:interact_with_crafting_table":93,"minecraft:leave_game":10,"minecraft:time_since_death":30058,"minecraft:climb_one_cm":98725,"minecraft:sprint_one_cm":1374868,"minecraft:walk_one_cm":900648,"minecraft:damage_blocked_by_shield":650,"minecraft:drop":213,"minecraft:play_time":375577,"minecraft:deaths":16,"minecraft:sneak_time":6938,"minecraft:walk_under_water_one_cm":27305,"minecraft:boat_one_cm":35670,"minecraft:jump":4069,"minecraft:walk_on_water_one_cm":38544,"minecraft:total_world_time":375577,"minecraft:interact_with_furnace":41,"minecraft:play_record":2,"minecraft:sleep_in_bed":7,"minecraft:time_since_rest":6161,"minecraft:damage_taken":4892,"minecraft:damage_dealt":4561,"minecraft:swim_one_cm":23882,"minecraft:fly_one_cm":472555,"minecraft:open_chest":566,"minecraft:crouch_one_cm":15489,"minecraft:interact_with_smoker":6,"minecraft:fall_one_cm":89424,"minecraft:horse_one_cm":407},"minecraft:dropped":{"minecraft:iron_ingot":9,"minecraft:wheat_seeds":3,"minecraft:diamond_axe":2,"minecraft:diamond":42,"minecraft:cooked_porkchop":1,"minecraft:diamond_leggings":2,"minecraft:iron_helmet":1,"minecraft:cobblestone":59,"minecraft:dirt":1,"minecraft:torch":2,"minecraft:cooked_salmon":1,"minecraft:diamond_helmet":1,"minecraft:iron_leggings":1,"minecraft:bucket":1,"minecraft:redstone":39,"minecraft:stone_axe":2,"minecraft:stone_sword":5,"minecraft:cobbled_deepslate":23,"minecraft:stone_shovel":1,"minecraft:chicken":1,"minecraft:white_carpet":2,"minecraft:rotten_flesh":1,"minecraft:iron_boots":1,"minecraft:diamond_shovel":1,"minecraft:diamond_sword":1,"minecraft:shield":1,"minecraft:diamond_chestplate":1,"minecraft:diamond_pickaxe":2,"minecraft:iron_chestplate":1,"minecraft:quartz_block":2,"minecraft:diamond_boots":1,"minecraft:glass":28,"minecraft:stone_pickaxe":2,"minecraft:quartz":19,"minecraft:netherrack":12},"minecraft:killed":{"minecraft:horse":1,"minecraft:skeleton":3,"minecraft:chicken":9,"minecraft:pig":7,"minecraft:bat":1,"minecraft:strider":1,"minecraft:squid":1,"minecraft:sheep":6,"minecraft:zombie":3,"minecraft:enderman":1,"minecraft:cow":2}},"DataVersion":3953}