{"stats":{"minecraft:custom":{"minecraft:time_since_rest":6668,"minecraft:interact_with_furnace":4,"minecraft:sprint_one_cm":260950,"minecraft:damage_taken":622,"minecraft:walk_one_cm":118984,"minecraft:drop":70,"minecraft:damage_dealt":44,"minecraft:swim_one_cm":14408,"minecraft:interact_with_crafting_table":29,"minecraft:fly_one_cm":72260,"minecraft:open_chest":158,"minecraft:crouch_one_cm":636,"minecraft:play_time":62883,"minecraft:deaths":3,"minecraft:sneak_time":248,"minecraft:walk_under_water_one_cm":12528,"minecraft:jump":661,"minecraft:leave_game":1,"minecraft:time_since_death":6615,"minecraft:walk_on_water_one_cm":6176,"minecraft:sleep_in_bed":4,"minecraft:interact_with_smoker":6,"minecraft:total_world_time":62883,"minecraft:climb_one_cm":50627,"minecraft:fall_one_cm":5390},"minecraft:dropped":{"minecraft:diamond_chestplate":1,"minecraft:cobbled_deepslate":23,"minecraft:diamond_pickaxe":1,"minecraft:diamond_leggings":1,"minecraft:diamond_helmet":1,"minecraft:white_carpet":2,"minecraft:cobblestone":58,"minecraft:diamond_boots":1,"minecraft:redstone":39},"minecraft:used":{"minecraft:diamond_pickaxe":35,"minecraft:bread":3,"minecraft:stone_pickaxe":112,"minecraft:oak_planks":4,"minecraft:chest":2,"minecraft:torch":2,"minecraft:cobblestone":8,"minecraft:white_carpet":7,"minecraft:cooked_porkchop":3,"minecraft:white_bed":1,"minecraft:cobbled_deepslate":8},"minecraft:killed_by":{"minecraft:creeper":1},"minecraft:mined":{"minecraft:deepslate_redstone_ore":12,"minecraft:tuff":4,"minecraft:cobbled_deepslate":3,"minecraft:white_carpet":1,"minecraft:coal_ore":4,"minecraft:glass":1,"minecraft:cobblestone":8,"minecraft:oak_planks":2,"minecraft:stone":4,"minecraft:deepslate":110},"minecraft:picked_up":{"minecraft:ladder":21,"minecraft:cherry_planks":4,"minecraft:cooked_porkchop":3,"minecraft:torch":18,"minecraft:tuff":4,"minecraft:cherry_log":52,"minecraft:redstone":93,"minecraft:cooked_mutton":1,"minecraft:white_carpet":3,"minecraft:stone_sword":1,"minecraft:stone_shovel":1,"minecraft:diamond":5,"minecraft:cobbled_deepslate":113,"minecraft:stone_pickaxe":1,"minecraft:diamond_axe":1,"minecraft:bread":9,"minecraft:coal":3,"minecraft:chest":1,"minecraft:oak_planks":4,"minecraft:cobblestone":84,"minecraft:diamond_pickaxe":1},"minecraft:crafted":{"minecraft:cooked_beef":2,"minecraft:cherry_planks":48,"minecraft:oak_planks":4,"minecraft:stone_shovel":1,"minecraft:ladder":21,"minecraft:stick":56,"minecraft:stone_pickaxe":1,"minecraft:stone_sword":1,"minecraft:chest":2,"minecraft:white_bed":1,"minecraft:torch":20,"minecraft:white_carpet":6,"minecraft:cooked_mutton":1}},"DataVersion":3953}