{"stats":{"minecraft:mined":{"minecraft:birch_log":5,"minecraft:iron_ore":10,"minecraft:andesite":12,"minecraft:granite":1,"minecraft:grass_block":3,"minecraft:coal_ore":36,"minecraft:dirt":4,"minecraft:copper_ore":1,"minecraft:stone":131,"minecraft:sugar_cane":1},"minecraft:used":{"minecraft:stone_sword":19,"minecraft:stone_pickaxe":147,"minecraft:iron_pickaxe":38,"minecraft:wooden_pickaxe":6,"minecraft:cooked_salmon":3,"minecraft:rotten_flesh":1,"minecraft:crafting_table":1,"minecraft:furnace":2},"minecraft:custom":{"minecraft:time_since_rest":20816,"minecraft:interact_with_furnace":19,"minecraft:sprint_one_cm":31789,"minecraft:damage_taken":295,"minecraft:walk_one_cm":53281,"minecraft:mob_kills":5,"minecraft:damage_dealt":849,"minecraft:swim_one_cm":19025,"minecraft:interact_with_crafting_table":15,"minecraft:fly_one_cm":23199,"minecraft:play_time":20816,"minecraft:walk_under_water_one_cm":3974,"minecraft:jump":258,"minecraft:leave_game":1,"minecraft:walk_on_water_one_cm":3037,"minecraft:time_since_death":20816,"minecraft:total_world_time":20816,"minecraft:fall_one_cm":2988},"minecraft:broken":{"minecraft:stone_pickaxe":1},"minecraft:crafted":{"minecraft:shield":1,"minecraft:crafting_table":1,"minecraft:stick":12,"minecraft:wooden_pickaxe":1,"minecraft:iron_ingot":5,"minecraft:iron_pickaxe":1,"minecraft:stone_pickaxe":2,"minecraft:stone_sword":1,"minecraft:furnace":2,"minecraft:cooked_salmon":3,"minecraft:birch_planks":20,"minecraft:air":0},"minecraft:killed":{"minecraft:zombie":1,"minecraft:salmon":3,"minecraft:drowned":1},"minecraft:picked_up":{"minecraft:birch_log":5,"minecraft:raw_iron":10,"minecraft:salmon":3,"minecraft:andesite":12,"minecraft:dirt":19,"minecraft:raw_copper":4,"minecraft:rotten_flesh":2,"minecraft:granite":1,"minecraft:iron_ingot":1,"minecraft:bone_meal":1,"minecraft:sugar_cane":3,"minecraft:birch_sapling":1,"minecraft:coal":36,"minecraft:cobblestone":131}},"DataVersion":3953}