{"stats":{"minecraft:mined":{"minecraft:tuff":21,"minecraft:deepslate_diamond_ore":62,"minecraft:cherry_log":150,"minecraft:granite":26,"minecraft:grass_block":1486,"minecraft:redstone_ore":5,"minecraft:iron_ore":36,"minecraft:andesite":31,"minecraft:deepslate_lapis_ore":3,"minecraft:deepslate_iron_ore":4,"minecraft:dirt_path":4,"minecraft:stone":235,"minecraft:deepslate_redstone_ore":10,"minecraft:short_grass":163,"minecraft:chest":1,"minecraft:tall_grass":8,"minecraft:copper_ore":1,"minecraft:lapis_ore":12,"minecraft:sugar_cane":2,"minecraft:diorite":11,"minecraft:pink_petals":104,"minecraft:birch_log":33,"minecraft:coal_ore":88,"minecraft:oak_log":10,"minecraft:cherry_leaves":121,"minecraft:dirt":126,"minecraft:cobweb":3,"minecraft:oak_leaves":6,"minecraft:deepslate":189},"minecraft:used":{"minecraft:enchanting_table":1,"minecraft:stone_sword":19,"minecraft:chest":3,"minecraft:shield":12,"minecraft:cooked_salmon":12,"minecraft:rotten_flesh":12,"minecraft:dirt":666,"minecraft:iron_axe":22,"minecraft:birch_sapling":1,"minecraft:furnace":6,"minecraft:cooked_beef":1,"minecraft:cobbled_deepslate":50,"minecraft:water_bucket":4,"minecraft:diamond_boots":1,"minecraft:stone_pickaxe":147,"minecraft:wooden_pickaxe":6,"minecraft:birch_boat":1,"minecraft:diamond_axe":194,"minecraft:crafting_table":4,"minecraft:white_bed":1,"minecraft:shears":3,"minecraft:diamond_pickaxe":257,"minecraft:diamond_shovel":1756,"minecraft:iron_pickaxe":326,"minecraft:diamond_sword":116,"minecraft:cooked_porkchop":6,"minecraft:andesite":8,"minecraft:bucket":5},"minecraft:custom":{"minecraft:mob_kills":51,"minecraft:interact_with_crafting_table":68,"minecraft:leave_game":1,"minecraft:time_since_death":152792,"minecraft:sprint_one_cm":292794,"minecraft:walk_one_cm":540516,"minecraft:damage_blocked_by_shield":353,"minecraft:drop":32,"minecraft:play_time":152792,"minecraft:sneak_time":9712,"minecraft:walk_under_water_one_cm":22188,"minecraft:boat_one_cm":25174,"minecraft:jump":2551,"minecraft:walk_on_water_one_cm":16984,"minecraft:enchant_item":8,"minecraft:total_world_time":152792,"minecraft:interact_with_furnace":70,"minecraft:sleep_in_bed":3,"minecraft:time_since_rest":19501,"minecraft:damage_taken":1099,"minecraft:damage_dealt":9495,"minecraft:swim_one_cm":29697,"minecraft:fly_one_cm":352650,"minecraft:open_chest":24,"minecraft:crouch_one_cm":49994,"minecraft:fall_one_cm":30525},"minecraft:broken":{"minecraft:stone_pickaxe":1,"minecraft:diamond_shovel":1,"minecraft:iron_pickaxe":1},"minecraft:killed":{"minecraft:spider":7,"minecraft:phantom":2,"minecraft:skeleton":7,"minecraft:drowned":2,"minecraft:pig":2,"minecraft:salmon":8,"minecraft:creeper":4,"minecraft:zombie":17,"minecraft:enderman":1},"minecraft:crafted":{"minecraft:oak_planks":48,"minecraft:birch_boat":2,"minecraft:furnace":6,"minecraft:diamond_shovel":3,"minecraft:diamond_block":3,"minecraft:diamond":27,"minecraft:diamond_helmet":2,"minecraft:diamond_leggings":2,"minecraft:iron_axe":1,"minecraft:stone_pickaxe":2,"minecraft:chest":2,"minecraft:diamond_boots":2,"minecraft:diamond_sword":1,"minecraft:cooked_porkchop":4,"minecraft:diamond_axe":2,"minecraft:crafting_table":4,"minecraft:enchanting_table":1,"minecraft:wooden_pickaxe":1,"minecraft:iron_sword":1,"minecraft:cooked_salmon":13,"minecraft:bucket":1,"minecraft:oak_wood":3,"minecraft:birch_planks":56,"minecraft:air":0,"minecraft:iron_chestplate":1,"minecraft:book":1,"minecraft:paper":3,"minecraft:diamond_pickaxe":1,"minecraft:shield":1,"minecraft:stick":28,"minecraft:iron_ingot":31,"minecraft:iron_pickaxe":2,"minecraft:stone_sword":1,"minecraft:iron_leggings":1,"minecraft:white_bed":1,"minecraft:shears":1,"minecraft:diamond_chestplate":2},"minecraft:dropped":{"minecraft:iron_sword":1,"minecraft:wheat_seeds":1,"minecraft:diamond_axe":2,"minecraft:diamond_leggings":1,"minecraft:cobblestone":4,"minecraft:granite":52,"minecraft:stick":2,"minecraft:dirt":1,"minecraft:cooked_salmon":1,"minecraft:diamond_helmet":1,"minecraft:iron_leggings":1,"minecraft:bone_meal":1,"minecraft:phantom_membrane":1,"minecraft:iron_axe":1,"minecraft:iron_pickaxe":1,"minecraft:cobbled_deepslate":128,"minecraft:birch_sapling":2,"minecraft:rotten_flesh":2,"minecraft:diamond_shovel":1,"minecraft:shears":1,"minecraft:diamond_chestplate":2,"minecraft:iron_chestplate":1,"minecraft:oak_sapling":1,"minecraft:spider_eye":1,"minecraft:diamond_boots":2,"minecraft:birch_boat":1},"minecraft:picked_up":{"minecraft:string":1,"minecraft:raw_copper":4,"minecraft:cobbled_deepslate":189,"minecraft:sugar_cane":6,"minecraft:chest":1,"minecraft:birch_sapling":4,"minecraft:phantom_membrane":1,"minecraft:raw_iron":40,"minecraft:stick":26,"minecraft:copper_ingot":1,"minecraft:porkchop":6,"minecraft:cherry_log":152,"minecraft:diorite":11,"minecraft:redstone":58,"minecraft:rotten_flesh":14,"minecraft:arrow":8,"minecraft:diamond_chestplate":1,"minecraft:diamond_boots":1,"minecraft:obsidian":4,"minecraft:white_wool":3,"minecraft:cobblestone":236,"minecraft:birch_log":33,"minecraft:pink_petals":358,"minecraft:cooked_beef":1,"minecraft:andesite":33,"minecraft:salmon":8,"minecraft:leather":2,"minecraft:potato":1,"minecraft:tuff":21,"minecraft:oak_log":13,"minecraft:lapis_lazuli":82,"minecraft:dirt":1719,"minecraft:bone":6,"minecraft:wheat_seeds":24,"minecraft:iron_ingot":1,"minecraft:cobweb":3,"minecraft:birch_boat":1,"minecraft:spider_eye":1,"minecraft:diamond":64,"minecraft:bone_meal":1,"minecraft:granite":52,"minecraft:diamond_axe":1,"minecraft:cherry_sapling":57,"minecraft:oak_sapling":1,"minecraft:coal":88,"minecraft:ender_pearl":1}},"DataVersion":3953}