{"stats":{"minecraft:used":{"minecraft:trident":1,"minecraft:enchanting_table":1,"minecraft:stone_sword":19,"minecraft:polished_deepslate":30,"minecraft:chest":3,"minecraft:shield":41,"minecraft:cooked_salmon":12,"minecraft:stone_hoe":8,"minecraft:rotten_flesh":15,"minecraft:dirt":1996,"minecraft:lava_bucket":22,"minecraft:iron_axe":22,"minecraft:birch_sapling":1,"minecraft:furnace":6,"minecraft:cooked_beef":1,"minecraft:potato":27,"minecraft:cobbled_deepslate":50,"minecraft:water_bucket":12,"minecraft:diamond_boots":1,"minecraft:stone_pickaxe":147,"minecraft:baked_potato":27,"minecraft:wooden_pickaxe":6,"minecraft:birch_boat":13,"minecraft:diamond_axe":260,"minecraft:crafting_table":4,"minecraft:white_bed":2,"minecraft:shears":3,"minecraft:diamond_pickaxe":347,"minecraft:diamond_shovel":2414,"minecraft:iron_pickaxe":326,"minecraft:diamond_sword":267,"minecraft:cobblestone":10,"minecraft:cooked_porkchop":6,"minecraft:andesite":8,"minecraft:bucket":35,"minecraft:bone_meal":39,"minecraft:cobweb":3},"minecraft:custom":{"minecraft:mob_kills":115,"minecraft:interact_with_crafting_table":84,"minecraft:leave_game":3,"minecraft:time_since_death":248025,"minecraft:sprint_one_cm":516108,"minecraft:walk_one_cm":838244,"minecraft:damage_blocked_by_shield":1474,"minecraft:drop":42,"minecraft:play_time":248025,"minecraft:sneak_time":26015,"minecraft:walk_under_water_one_cm":29153,"minecraft:boat_one_cm":191180,"minecraft:jump":4514,"minecraft:walk_on_water_one_cm":28189,"minecraft:enchant_item":8,"minecraft:total_world_time":248025,"minecraft:interact_with_furnace":88,"minecraft:sleep_in_bed":7,"minecraft:time_since_rest":10295,"minecraft:damage_taken":1957,"minecraft:damage_dealt":20526,"minecraft:player_kills":2,"minecraft:swim_one_cm":36220,"minecraft:fly_one_cm":695753,"minecraft:open_chest":58,"minecraft:crouch_one_cm":134247,"minecraft:fall_one_cm":66314},"minecraft:mined":{"minecraft:nether_gold_ore":2,"minecraft:tuff":21,"minecraft:white_bed":1,"minecraft:deepslate_diamond_ore":62,"minecraft:cherry_log":183,"minecraft:obsidian":1,"minecraft:granite":26,"minecraft:grass_block":2080,"minecraft:redstone_ore":5,"minecraft:iron_ore":36,"minecraft:andesite":31,"minecraft:pumpkin":17,"minecraft:deepslate_lapis_ore":3,"minecraft:azure_bluet":2,"minecraft:polished_deepslate":1,"minecraft:potatoes":17,"minecraft:dirt_path":4,"minecraft:deepslate_iron_ore":4,"minecraft:stone":241,"minecraft:deepslate_redstone_ore":10,"minecraft:short_grass":246,"minecraft:chest":1,"minecraft:cobblestone":67,"minecraft:tall_grass":8,"minecraft:nether_quartz_ore":10,"minecraft:copper_ore":1,"minecraft:lapis_ore":12,"minecraft:sugar_cane":7,"minecraft:diorite":11,"minecraft:pink_petals":140,"minecraft:birch_log":33,"minecraft:oak_log":10,"minecraft:coal_ore":88,"minecraft:cherry_leaves":191,"minecraft:dirt":170,"minecraft:cobweb":3,"minecraft:netherrack":2,"minecraft:cherry_sign":1,"minecraft:oak_leaves":6,"minecraft:deepslate":189},"minecraft:broken":{"minecraft:stone_pickaxe":1,"minecraft:diamond_shovel":1,"minecraft:iron_pickaxe":1},"minecraft:killed":{"minecraft:witch":1,"minecraft:spider":15,"minecraft:phantom":2,"minecraft:skeleton":18,"minecraft:drowned":9,"minecraft:piglin":1,"minecraft:pig":19,"minecraft:salmon":8,"minecraft:creeper":9,"minecraft:zombie":29,"minecraft:enderman":2},"minecraft:picked_up":{"minecraft:wooden_pickaxe":1,"minecraft:polished_deepslate":65,"minecraft:string":7,"minecraft:raw_copper":4,"minecraft:gold_nugget":11,"minecraft:cobbled_deepslate":189,"minecraft:sugar_cane":17,"minecraft:chest":1,"minecraft:birch_sapling":4,"minecraft:phantom_membrane":1,"minecraft:stick":28,"minecraft:raw_iron":40,"minecraft:copper_ingot":1,"minecraft:porkchop":40,"minecraft:cherry_log":268,"minecraft:diorite":11,"minecraft:trident":2,"minecraft:redstone":64,"minecraft:diamond_chestplate":1,"minecraft:arrow":21,"minecraft:rotten_flesh":32,"minecraft:diamond_boots":1,"minecraft:obsidian":4,"minecraft:white_wool":3,"minecraft:cobblestone":328,"minecraft:birch_log":52,"minecraft:pink_petals":430,"minecraft:cooked_beef":1,"minecraft:andesite":33,"minecraft:salmon":8,"minecraft:leather":2,"minecraft:potato":54,"minecraft:flint":1,"minecraft:tuff":21,"minecraft:oak_log":13,"minecraft:gunpowder":1,"minecraft:lapis_lazuli":82,"minecraft:dirt":2382,"minecraft:bone":17,"minecraft:wheat_seeds":44,"minecraft:stone_pickaxe":1,"minecraft:iron_ingot":1,"minecraft:cobweb":3,"minecraft:cherry_sign":1,"minecraft:birch_boat":13,"minecraft:pumpkin":17,"minecraft:quartz":8,"minecraft:poisonous_potato":1,"minecraft:white_bed":2,"minecraft:spider_eye":4,"minecraft:sugar":1,"minecraft:diamond":64,"minecraft:stone_axe":1,"minecraft:cherry_sapling":64,"minecraft:granite":52,"minecraft:diamond_axe":1,"minecraft:bone_meal":1,"minecraft:oak_sapling":1,"minecraft:coal":88,"minecraft:ender_pearl":1},"minecraft:dropped":{"minecraft:iron_sword":1,"minecraft:porkchop":34,"minecraft:wheat_seeds":1,"minecraft:lapis_lazuli":2,"minecraft:diamond_axe":2,"minecraft:diamond_leggings":1,"minecraft:cobblestone":4,"minecraft:granite":52,"minecraft:stick":4,"minecraft:flint":1,"minecraft:dirt":2,"minecraft:cooked_salmon":1,"minecraft:diamond_helmet":1,"minecraft:iron_leggings":1,"minecraft:bone_meal":1,"minecraft:phantom_membrane":1,"minecraft:iron_axe":1,"minecraft:sugar":1,"minecraft:iron_pickaxe":1,"minecraft:redstone":6,"minecraft:cobbled_deepslate":128,"minecraft:birch_sapling":2,"minecraft:cherry_sapling":1,"minecraft:rotten_flesh":2,"minecraft:diamond_shovel":1,"minecraft:white_bed":1,"minecraft:shears":1,"minecraft:diamond_chestplate":2,"minecraft:iron_chestplate":1,"minecraft:oak_sapling":1,"minecraft:spider_eye":1,"minecraft:diamond_boots":2,"minecraft:birch_boat":1,"minecraft:arrow":1},"minecraft:crafted":{"minecraft:oak_planks":48,"minecraft:birch_boat":2,"minecraft:furnace":6,"minecraft:bone_meal":39,"minecraft:diamond_shovel":3,"minecraft:diamond_block":3,"minecraft:diamond":27,"minecraft:diamond_helmet":2,"minecraft:diamond_leggings":2,"minecraft:iron_axe":1,"minecraft:stone_pickaxe":2,"minecraft:chest":2,"minecraft:diamond_boots":2,"minecraft:stone_hoe":1,"minecraft:diamond_sword":1,"minecraft:cooked_porkchop":4,"minecraft:diamond_axe":2,"minecraft:crafting_table":4,"minecraft:enchanting_table":1,"minecraft:wooden_pickaxe":1,"minecraft:baked_potato":27,"minecraft:iron_sword":1,"minecraft:cooked_salmon":13,"minecraft:bucket":1,"minecraft:oak_wood":3,"minecraft:birch_planks":56,"minecraft:air":0,"minecraft:iron_chestplate":1,"minecraft:book":1,"minecraft:paper":3,"minecraft:diamond_pickaxe":1,"minecraft:shield":1,"minecraft:stick":28,"minecraft:iron_ingot":31,"minecraft:iron_pickaxe":2,"minecraft:stone_sword":1,"minecraft:iron_leggings":1,"minecraft:white_bed":1,"minecraft:shears":1,"minecraft:diamond_chestplate":2}},"DataVersion":3953}