{"stats":{"minecraft:mined":{"minecraft:deepslate_redstone_ore":6,"minecraft:tuff":21,"minecraft:deepslate_diamond_ore":38,"minecraft:birch_log":28,"minecraft:iron_ore":25,"minecraft:andesite":26,"minecraft:granite":21,"minecraft:grass_block":3,"minecraft:coal_ore":36,"minecraft:deepslate_iron_ore":4,"minecraft:dirt":14,"minecraft:copper_ore":1,"minecraft:lapis_ore":6,"minecraft:stone":229,"minecraft:sugar_cane":1,"minecraft:diorite":11,"minecraft:deepslate":184},"minecraft:used":{"minecraft:diamond_pickaxe":129,"minecraft:diamond_boots":1,"minecraft:stone_sword":19,"minecraft:iron_axe":22,"minecraft:stone_pickaxe":147,"minecraft:iron_pickaxe":326,"minecraft:wooden_pickaxe":6,"minecraft:cooked_salmon":6,"minecraft:rotten_flesh":1,"minecraft:crafting_table":2,"minecraft:furnace":3,"minecraft:andesite":8},"minecraft:custom":{"minecraft:time_since_rest":44792,"minecraft:interact_with_furnace":36,"minecraft:sprint_one_cm":73330,"minecraft:damage_taken":295,"minecraft:walk_one_cm":94875,"minecraft:mob_kills":5,"minecraft:damage_dealt":859,"minecraft:swim_one_cm":28784,"minecraft:interact_with_crafting_table":29,"minecraft:fly_one_cm":41197,"minecraft:play_time":44792,"minecraft:walk_under_water_one_cm":6724,"minecraft:jump":645,"minecraft:leave_game":1,"minecraft:walk_on_water_one_cm":7462,"minecraft:time_since_death":44792,"minecraft:total_world_time":44792,"minecraft:fall_one_cm":4302},"minecraft:broken":{"minecraft:stone_pickaxe":1,"minecraft:iron_pickaxe":1},"minecraft:killed":{"minecraft:zombie":1,"minecraft:salmon":3,"minecraft:drowned":1},"minecraft:crafted":{"minecraft:diamond_sword":1,"minecraft:diamond_helmet":1,"minecraft:diamond_leggings":1,"minecraft:iron_chestplate":1,"minecraft:diamond_pickaxe":1,"minecraft:shield":1,"minecraft:diamond_axe":1,"minecraft:iron_axe":1,"minecraft:crafting_table":2,"minecraft:stick":20,"minecraft:wooden_pickaxe":1,"minecraft:iron_ingot":29,"minecraft:iron_pickaxe":2,"minecraft:stone_pickaxe":2,"minecraft:stone_sword":1,"minecraft:iron_sword":1,"minecraft:diamond_boots":1,"minecraft:iron_leggings":1,"minecraft:furnace":3,"minecraft:cooked_salmon":7,"minecraft:birch_planks":28,"minecraft:air":0,"minecraft:diamond_chestplate":1},"minecraft:picked_up":{"minecraft:birch_log":28,"minecraft:raw_iron":29,"minecraft:andesite":26,"minecraft:salmon":3,"minecraft:tuff":21,"minecraft:diorite":11,"minecraft:redstone":27,"minecraft:lapis_lazuli":42,"minecraft:dirt":29,"minecraft:raw_copper":4,"minecraft:rotten_flesh":2,"minecraft:diamond":38,"minecraft:cobbled_deepslate":184,"minecraft:iron_ingot":1,"minecraft:granite":21,"minecraft:bone_meal":1,"minecraft:sugar_cane":3,"minecraft:birch_sapling":2,"minecraft:coal":36,"minecraft:cobblestone":228}},"DataVersion":3953}