{"stats":{"minecraft:mined":{"minecraft:grass_block":3,"minecraft:dirt":4,"minecraft:birch_log":3,"minecraft:stone":50},"minecraft:used":{"minecraft:crafting_table":1,"minecraft:stone_pickaxe":44,"minecraft:wooden_pickaxe":6},"minecraft:custom":{"minecraft:time_since_rest":5969,"minecraft:play_time":5969,"minecraft:sprint_one_cm":6459,"minecraft:damage_taken":40,"minecraft:walk_one_cm":10174,"minecraft:walk_under_water_one_cm":461,"minecraft:jump":44,"minecraft:damage_dealt":10,"minecraft:time_since_death":5969,"minecraft:walk_on_water_one_cm":285,"minecraft:total_world_time":5969,"minecraft:interact_with_crafting_table":4,"minecraft:swim_one_cm":1621,"minecraft:fall_one_cm":1254,"minecraft:fly_one_cm":4649},"minecraft:crafted":{"minecraft:birch_planks":12,"minecraft:crafting_table":1,"minecraft:stick":4,"minecraft:wooden_pickaxe":1,"minecraft:stone_pickaxe":1},"minecraft:picked_up":{"minecraft:birch_log":3,"minecraft:dirt":7,"minecraft:cobblestone":50}},"DataVersion":3953}