{"stats":{"minecraft:mined":{"minecraft:deepslate_redstone_ore":10,"minecraft:tuff":21,"minecraft:deepslate_diamond_ore":62,"minecraft:granite":26,"minecraft:grass_block":3,"minecraft:copper_ore":1,"minecraft:lapis_ore":12,"minecraft:sugar_cane":1,"minecraft:diorite":11,"minecraft:redstone_ore":5,"minecraft:birch_log":28,"minecraft:iron_ore":36,"minecraft:andesite":31,"minecraft:deepslate_lapis_ore":1,"minecraft:oak_log":6,"minecraft:coal_ore":50,"minecraft:deepslate_iron_ore":4,"minecraft:dirt":14,"minecraft:cobweb":2,"minecraft:stone":232,"minecraft:oak_leaves":1,"minecraft:deepslate":188},"minecraft:used":{"minecraft:water_bucket":2,"minecraft:stone_sword":19,"minecraft:diamond_boots":1,"minecraft:stone_pickaxe":147,"minecraft:shield":2,"minecraft:wooden_pickaxe":6,"minecraft:diamond_axe":7,"minecraft:cooked_salmon":7,"minecraft:rotten_flesh":6,"minecraft:crafting_table":3,"minecraft:shears":2,"minecraft:diamond_pickaxe":211,"minecraft:iron_axe":22,"minecraft:iron_pickaxe":326,"minecraft:diamond_sword":34,"minecraft:furnace":4,"minecraft:bucket":3,"minecraft:andesite":8,"minecraft:cobbled_deepslate":1},"minecraft:custom":{"minecraft:interact_with_furnace":38,"minecraft:mob_kills":20,"minecraft:interact_with_crafting_table":33,"minecraft:leave_game":1,"minecraft:time_since_death":56792,"minecraft:time_since_rest":56792,"minecraft:sprint_one_cm":108244,"minecraft:damage_taken":540,"minecraft:walk_one_cm":156810,"minecraft:damage_blocked_by_shield":50,"minecraft:drop":4,"minecraft:damage_dealt":3921,"minecraft:swim_one_cm":28831,"minecraft:fly_one_cm":64119,"minecraft:play_time":56792,"minecraft:walk_under_water_one_cm":10880,"minecraft:jump":848,"minecraft:walk_on_water_one_cm":9651,"minecraft:total_world_time":56792,"minecraft:fall_one_cm":9272},"minecraft:broken":{"minecraft:stone_pickaxe":1,"minecraft:iron_pickaxe":1},"minecraft:dropped":{"minecraft:cobblestone":4,"minecraft:granite":52,"minecraft:stick":1},"minecraft:killed":{"minecraft:salmon":3,"minecraft:spider":3,"minecraft:creeper":1,"minecraft:zombie":11,"minecraft:drowned":1},"minecraft:crafted":{"minecraft:diamond_sword":1,"minecraft:diamond_axe":1,"minecraft:crafting_table":3,"minecraft:wooden_pickaxe":1,"minecraft:iron_sword":1,"minecraft:furnace":4,"minecraft:cooked_salmon":7,"minecraft:bucket":1,"minecraft:birch_planks":32,"minecraft:air":0,"minecraft:diamond_helmet":1,"minecraft:diamond_leggings":1,"minecraft:iron_chestplate":1,"minecraft:diamond_pickaxe":1,"minecraft:shield":1,"minecraft:iron_axe":1,"minecraft:stick":20,"minecraft:iron_ingot":31,"minecraft:iron_pickaxe":2,"minecraft:stone_pickaxe":2,"minecraft:stone_sword":1,"minecraft:diamond_boots":1,"minecraft:iron_leggings":1,"minecraft:shears":1,"minecraft:diamond_chestplate":1},"minecraft:picked_up":{"minecraft:birch_log":28,"minecraft:salmon":3,"minecraft:andesite":33,"minecraft:tuff":21,"minecraft:oak_log":9,"minecraft:lapis_lazuli":70,"minecraft:dirt":29,"minecraft:raw_copper":4,"minecraft:cobbled_deepslate":188,"minecraft:iron_ingot":1,"minecraft:cobweb":2,"minecraft:sugar_cane":3,"minecraft:birch_sapling":2,"minecraft:stick":1,"minecraft:raw_iron":40,"minecraft:diorite":11,"minecraft:redstone":58,"minecraft:rotten_flesh":6,"minecraft:diamond":62,"minecraft:granite":52,"minecraft:bone_meal":1,"minecraft:coal":50,"minecraft:cobblestone":232}},"DataVersion":3953}