{"stats":{"minecraft:mined":{"minecraft:deepslate_redstone_ore":10,"minecraft:tuff":21,"minecraft:deepslate_diamond_ore":62,"minecraft:cherry_log":147,"minecraft:short_grass":54,"minecraft:granite":26,"minecraft:grass_block":284,"minecraft:copper_ore":1,"minecraft:lapis_ore":12,"minecraft:sugar_cane":1,"minecraft:diorite":11,"minecraft:pink_petals":87,"minecraft:redstone_ore":5,"minecraft:birch_log":33,"minecraft:iron_ore":36,"minecraft:andesite":31,"minecraft:deepslate_lapis_ore":3,"minecraft:dirt_path":1,"minecraft:oak_log":10,"minecraft:coal_ore":88,"minecraft:deepslate_iron_ore":4,"minecraft:cherry_leaves":89,"minecraft:dirt":27,"minecraft:cobweb":3,"minecraft:stone":235,"minecraft:oak_leaves":6,"minecraft:deepslate":189},"minecraft:used":{"minecraft:water_bucket":2,"minecraft:stone_sword":19,"minecraft:diamond_boots":1,"minecraft:stone_pickaxe":147,"minecraft:chest":1,"minecraft:birch_boat":1,"minecraft:shield":10,"minecraft:wooden_pickaxe":6,"minecraft:diamond_axe":190,"minecraft:cooked_salmon":11,"minecraft:rotten_flesh":12,"minecraft:dirt":288,"minecraft:crafting_table":4,"minecraft:shears":3,"minecraft:diamond_pickaxe":257,"minecraft:diamond_shovel":347,"minecraft:iron_axe":22,"minecraft:birch_sapling":1,"minecraft:iron_pickaxe":326,"minecraft:diamond_sword":76,"minecraft:cooked_porkchop":2,"minecraft:furnace":6,"minecraft:bucket":3,"minecraft:andesite":8,"minecraft:cobbled_deepslate":50},"minecraft:custom":{"minecraft:interact_with_furnace":60,"minecraft:mob_kills":38,"minecraft:interact_with_crafting_table":56,"minecraft:leave_game":1,"minecraft:time_since_death":104792,"minecraft:time_since_rest":104792,"minecraft:sprint_one_cm":190256,"minecraft:damage_taken":714,"minecraft:walk_one_cm":315488,"minecraft:damage_blocked_by_shield":278,"minecraft:drop":24,"minecraft:damage_dealt":6528,"minecraft:swim_one_cm":29200,"minecraft:fly_one_cm":186519,"minecraft:open_chest":8,"minecraft:crouch_one_cm":19639,"minecraft:play_time":104792,"minecraft:sneak_time":4745,"minecraft:walk_under_water_one_cm":22030,"minecraft:boat_one_cm":25174,"minecraft:jump":1740,"minecraft:walk_on_water_one_cm":16556,"minecraft:total_world_time":104792,"minecraft:fall_one_cm":15256},"minecraft:broken":{"minecraft:stone_pickaxe":1,"minecraft:iron_pickaxe":1},"minecraft:killed":{"minecraft:pig":2,"minecraft:salmon":8,"minecraft:spider":4,"minecraft:creeper":1,"minecraft:phantom":2,"minecraft:skeleton":4,"minecraft:zombie":14,"minecraft:drowned":2},"minecraft:crafted":{"minecraft:oak_planks":48,"minecraft:diamond_sword":1,"minecraft:cooked_porkchop":2,"minecraft:diamond_axe":2,"minecraft:crafting_table":4,"minecraft:birch_boat":2,"minecraft:wooden_pickaxe":1,"minecraft:iron_sword":1,"minecraft:furnace":6,"minecraft:cooked_salmon":12,"minecraft:diamond_shovel":2,"minecraft:bucket":1,"minecraft:oak_wood":3,"minecraft:birch_planks":48,"minecraft:diamond_block":3,"minecraft:air":0,"minecraft:diamond":27,"minecraft:diamond_helmet":2,"minecraft:diamond_leggings":2,"minecraft:iron_chestplate":1,"minecraft:diamond_pickaxe":1,"minecraft:shield":1,"minecraft:iron_axe":1,"minecraft:stick":28,"minecraft:iron_ingot":31,"minecraft:iron_pickaxe":2,"minecraft:stone_pickaxe":2,"minecraft:stone_sword":1,"minecraft:chest":1,"minecraft:diamond_boots":2,"minecraft:iron_leggings":1,"minecraft:shears":1,"minecraft:diamond_chestplate":2},"minecraft:dropped":{"minecraft:iron_sword":1,"minecraft:diamond_axe":2,"minecraft:birch_sapling":2,"minecraft:diamond_leggings":1,"minecraft:cobblestone":4,"minecraft:diamond_shovel":1,"minecraft:granite":52,"minecraft:shears":1,"minecraft:stick":2,"minecraft:dirt":1,"minecraft:diamond_chestplate":2,"minecraft:iron_chestplate":1,"minecraft:cooked_salmon":1,"minecraft:diamond_helmet":1,"minecraft:iron_leggings":1,"minecraft:diamond_boots":2,"minecraft:birch_boat":1,"minecraft:iron_axe":1,"minecraft:iron_pickaxe":1},"minecraft:picked_up":{"minecraft:birch_log":33,"minecraft:pink_petals":305,"minecraft:salmon":8,"minecraft:andesite":33,"minecraft:tuff":21,"minecraft:oak_log":13,"minecraft:lapis_lazuli":82,"minecraft:dirt":343,"minecraft:raw_copper":4,"minecraft:bone":2,"minecraft:wheat_seeds":13,"minecraft:cobbled_deepslate":189,"minecraft:iron_ingot":1,"minecraft:cobweb":3,"minecraft:sugar_cane":3,"minecraft:birch_sapling":4,"minecraft:phantom_membrane":1,"minecraft:stick":18,"minecraft:raw_iron":40,"minecraft:birch_boat":1,"minecraft:copper_ingot":1,"minecraft:porkchop":6,"minecraft:cherry_log":149,"minecraft:diorite":11,"minecraft:redstone":58,"minecraft:arrow":5,"minecraft:diamond_chestplate":1,"minecraft:rotten_flesh":12,"minecraft:diamond":62,"minecraft:diamond_boots":1,"minecraft:cherry_sapling":45,"minecraft:diamond_axe":1,"minecraft:granite":52,"minecraft:bone_meal":1,"minecraft:coal":88,"minecraft:white_wool":2,"minecraft:cobblestone":236}},"DataVersion":3953}