{"stats":{"minecraft:mined":{"minecraft:nether_gold_ore":2,"minecraft:tuff":21,"minecraft:deepslate_diamond_ore":62,"minecraft:cherry_log":152,"minecraft:granite":26,"minecraft:grass_block":1487,"minecraft:redstone_ore":5,"minecraft:iron_ore":36,"minecraft:andesite":31,"minecraft:deepslate_lapis_ore":3,"minecraft:polished_deepslate":1,"minecraft:potatoes":17,"minecraft:deepslate_iron_ore":4,"minecraft:dirt_path":4,"minecraft:stone":239,"minecraft:deepslate_redstone_ore":10,"minecraft:short_grass":165,"minecraft:chest":1,"minecraft:cobblestone":1,"minecraft:nether_quartz_ore":10,"minecraft:tall_grass":8,"minecraft:copper_ore":1,"minecraft:lapis_ore":12,"minecraft:sugar_cane":2,"minecraft:diorite":11,"minecraft:pink_petals":112,"minecraft:birch_log":33,"minecraft:coal_ore":88,"minecraft:oak_log":10,"minecraft:cherry_leaves":168,"minecraft:dirt":157,"minecraft:cobweb":3,"minecraft:netherrack":2,"minecraft:cherry_sign":1,"minecraft:oak_leaves":6,"minecraft:deepslate":189},"minecraft:used":{"minecraft:enchanting_table":1,"minecraft:stone_sword":19,"minecraft:polished_deepslate":30,"minecraft:chest":3,"minecraft:shield":22,"minecraft:cooked_salmon":12,"minecraft:stone_hoe":8,"minecraft:rotten_flesh":15,"minecraft:dirt":1768,"minecraft:iron_axe":22,"minecraft:birch_sapling":1,"minecraft:furnace":6,"minecraft:potato":25,"minecraft:cooked_beef":1,"minecraft:cobbled_deepslate":50,"minecraft:water_bucket":5,"minecraft:diamond_boots":1,"minecraft:stone_pickaxe":147,"minecraft:baked_potato":8,"minecraft:wooden_pickaxe":6,"minecraft:birch_boat":2,"minecraft:diamond_axe":201,"minecraft:crafting_table":4,"minecraft:white_bed":1,"minecraft:shears":3,"minecraft:diamond_pickaxe":277,"minecraft:diamond_shovel":1764,"minecraft:iron_pickaxe":326,"minecraft:diamond_sword":160,"minecraft:cooked_porkchop":6,"minecraft:andesite":8,"minecraft:bucket":5,"minecraft:bone_meal":36},"minecraft:custom":{"minecraft:mob_kills":68,"minecraft:interact_with_crafting_table":78,"minecraft:leave_game":1,"minecraft:time_since_death":188792,"minecraft:sprint_one_cm":343213,"minecraft:walk_one_cm":637022,"minecraft:damage_blocked_by_shield":769,"minecraft:drop":35,"minecraft:play_time":188792,"minecraft:sneak_time":22946,"minecraft:walk_under_water_one_cm":22188,"minecraft:boat_one_cm":28656,"minecraft:jump":3155,"minecraft:walk_on_water_one_cm":17057,"minecraft:enchant_item":8,"minecraft:total_world_time":188792,"minecraft:interact_with_furnace":79,"minecraft:sleep_in_bed":5,"minecraft:time_since_rest":518,"minecraft:damage_taken":1367,"minecraft:damage_dealt":13150,"minecraft:player_kills":1,"minecraft:swim_one_cm":29697,"minecraft:fly_one_cm":444247,"minecraft:open_chest":37,"minecraft:crouch_one_cm":117310,"minecraft:fall_one_cm":41699},"minecraft:broken":{"minecraft:stone_pickaxe":1,"minecraft:diamond_shovel":1,"minecraft:iron_pickaxe":1},"minecraft:killed":{"minecraft:spider":8,"minecraft:phantom":2,"minecraft:skeleton":13,"minecraft:drowned":2,"minecraft:piglin":1,"minecraft:pig":2,"minecraft:salmon":8,"minecraft:creeper":6,"minecraft:zombie":23,"minecraft:enderman":2},"minecraft:crafted":{"minecraft:oak_planks":48,"minecraft:birch_boat":2,"minecraft:furnace":6,"minecraft:bone_meal":36,"minecraft:diamond_shovel":3,"minecraft:diamond_block":3,"minecraft:diamond":27,"minecraft:diamond_helmet":2,"minecraft:diamond_leggings":2,"minecraft:iron_axe":1,"minecraft:stone_pickaxe":2,"minecraft:chest":2,"minecraft:diamond_boots":2,"minecraft:stone_hoe":1,"minecraft:diamond_sword":1,"minecraft:cooked_porkchop":4,"minecraft:diamond_axe":2,"minecraft:crafting_table":4,"minecraft:enchanting_table":1,"minecraft:baked_potato":9,"minecraft:wooden_pickaxe":1,"minecraft:iron_sword":1,"minecraft:cooked_salmon":13,"minecraft:bucket":1,"minecraft:oak_wood":3,"minecraft:birch_planks":56,"minecraft:air":0,"minecraft:iron_chestplate":1,"minecraft:book":1,"minecraft:paper":3,"minecraft:diamond_pickaxe":1,"minecraft:shield":1,"minecraft:stick":28,"minecraft:iron_ingot":31,"minecraft:iron_pickaxe":2,"minecraft:stone_sword":1,"minecraft:iron_leggings":1,"minecraft:white_bed":1,"minecraft:shears":1,"minecraft:diamond_chestplate":2},"minecraft:dropped":{"minecraft:iron_sword":1,"minecraft:wheat_seeds":1,"minecraft:diamond_axe":2,"minecraft:diamond_leggings":1,"minecraft:cobblestone":4,"minecraft:granite":52,"minecraft:stick":2,"minecraft:dirt":1,"minecraft:cooked_salmon":1,"minecraft:diamond_helmet":1,"minecraft:iron_leggings":1,"minecraft:bone_meal":1,"minecraft:phantom_membrane":1,"minecraft:iron_axe":1,"minecraft:iron_pickaxe":1,"minecraft:cobbled_deepslate":128,"minecraft:birch_sapling":2,"minecraft:cherry_sapling":1,"minecraft:rotten_flesh":2,"minecraft:diamond_shovel":1,"minecraft:white_bed":1,"minecraft:shears":1,"minecraft:diamond_chestplate":2,"minecraft:iron_chestplate":1,"minecraft:oak_sapling":1,"minecraft:spider_eye":1,"minecraft:diamond_boots":2,"minecraft:birch_boat":1,"minecraft:arrow":1},"minecraft:picked_up":{"minecraft:polished_deepslate":65,"minecraft:string":1,"minecraft:raw_copper":4,"minecraft:gold_nugget":11,"minecraft:cobbled_deepslate":189,"minecraft:sugar_cane":6,"minecraft:chest":1,"minecraft:birch_sapling":4,"minecraft:phantom_membrane":1,"minecraft:raw_iron":40,"minecraft:stick":26,"minecraft:copper_ingot":1,"minecraft:porkchop":6,"minecraft:cherry_log":154,"minecraft:diorite":11,"minecraft:redstone":58,"minecraft:rotten_flesh":17,"minecraft:arrow":14,"minecraft:diamond_chestplate":1,"minecraft:diamond_boots":1,"minecraft:obsidian":4,"minecraft:white_wool":3,"minecraft:cobblestone":241,"minecraft:birch_log":33,"minecraft:pink_petals":364,"minecraft:cooked_beef":1,"minecraft:andesite":33,"minecraft:salmon":8,"minecraft:leather":2,"minecraft:potato":47,"minecraft:flint":1,"minecraft:tuff":21,"minecraft:oak_log":13,"minecraft:gunpowder":1,"minecraft:lapis_lazuli":82,"minecraft:dirt":1769,"minecraft:bone":12,"minecraft:wheat_seeds":24,"minecraft:iron_ingot":1,"minecraft:cobweb":3,"minecraft:cherry_sign":1,"minecraft:birch_boat":2,"minecraft:quartz":8,"minecraft:poisonous_potato":1,"minecraft:white_bed":1,"minecraft:spider_eye":2,"minecraft:diamond":64,"minecraft:bone_meal":1,"minecraft:granite":52,"minecraft:diamond_axe":1,"minecraft:cherry_sapling":60,"minecraft:oak_sapling":1,"minecraft:coal":88,"minecraft:ender_pearl":1}},"DataVersion":3953}