{"stats":{"minecraft:mined":{"minecraft:iron_ore":11,"minecraft:birch_log":27,"minecraft:andesite":5,"minecraft:birch_leaves":1,"minecraft:granite":4,"minecraft:short_grass":6,"minecraft:grass_block":2,"minecraft:coal_ore":34,"minecraft:deepslate_iron_ore":8,"minecraft:stone":43,"minecraft:deepslate":41},"minecraft:used":{"minecraft:stone_sword":24,"minecraft:stone_pickaxe":100,"minecraft:iron_pickaxe":21,"minecraft:shield":1,"minecraft:chest":1,"minecraft:wooden_pickaxe":25,"minecraft:cooked_salmon":4,"minecraft:rail":1,"minecraft:torch":11,"minecraft:cobblestone":4,"minecraft:wooden_sword":33,"minecraft:mutton":1,"minecraft:crafting_table":1,"minecraft:furnace":1,"minecraft:cooked_porkchop":2,"minecraft:andesite":4,"minecraft:granite":3},"minecraft:custom":{"minecraft:time_since_rest":27494,"minecraft:interact_with_furnace":20,"minecraft:sprint_one_cm":48823,"minecraft:damage_taken":433,"minecraft:walk_one_cm":83995,"minecraft:damage_blocked_by_shield":25,"minecraft:mob_kills":23,"minecraft:drop":1,"minecraft:damage_dealt":2251,"minecraft:swim_one_cm":38553,"minecraft:interact_with_crafting_table":10,"minecraft:fly_one_cm":28406,"minecraft:open_chest":5,"minecraft:crouch_one_cm":12986,"minecraft:play_time":27494,"minecraft:sneak_time":5518,"minecraft:walk_under_water_one_cm":14098,"minecraft:jump":230,"minecraft:leave_game":2,"minecraft:walk_on_water_one_cm":6059,"minecraft:time_since_death":27494,"minecraft:total_world_time":27494,"minecraft:fall_one_cm":5982},"minecraft:dropped":{"minecraft:wheat_seeds":1},"minecraft:crafted":{"minecraft:wooden_sword":1,"minecraft:cooked_porkchop":3,"minecraft:shield":1,"minecraft:crafting_table":1,"minecraft:stick":40,"minecraft:iron_pickaxe":1,"minecraft:iron_ingot":5,"minecraft:stone_pickaxe":2,"minecraft:wooden_pickaxe":1,"minecraft:stone_sword":1,"minecraft:chest":1,"minecraft:furnace":1,"minecraft:cooked_salmon":8,"minecraft:torch":120,"minecraft:birch_planks":108,"minecraft:air":0},"minecraft:killed":{"minecraft:sheep":1,"minecraft:skeleton":1,"minecraft:zombie":5,"minecraft:pig":2,"minecraft:salmon":12,"minecraft:spider":2},"minecraft:picked_up":{"minecraft:birch_log":27,"minecraft:raw_iron":19,"minecraft:andesite":5,"minecraft:salmon":12,"minecraft:porkchop":3,"minecraft:bone":1,"minecraft:string":3,"minecraft:dirt":2,"minecraft:rotten_flesh":5,"minecraft:wheat_seeds":1,"minecraft:cobbled_deepslate":41,"minecraft:granite":4,"minecraft:bone_meal":1,"minecraft:mutton":1,"minecraft:coal":34,"minecraft:rail":1,"minecraft:white_wool":1,"minecraft:cobblestone":42}},"DataVersion":3953}