{"stats":{"minecraft:used":{"minecraft:iron_shovel":30,"minecraft:polished_deepslate":524,"minecraft:ladder":96,"minecraft:chest":41,"minecraft:shield":58,"minecraft:mutton":9,"minecraft:tuff":3,"minecraft:obsidian":26,"minecraft:polished_deepslate_stairs":29,"minecraft:glass":74,"minecraft:lava_bucket":9,"minecraft:lantern":54,"minecraft:grass_block":1,"minecraft:quartz_block":51,"minecraft:warped_nylium":1,"minecraft:furnace":9,"minecraft:polished_diorite_stairs":120,"minecraft:diorite":1,"minecraft:stone_pickaxe":142,"minecraft:oak_planks":684,"minecraft:polished_diorite_slab":13,"minecraft:wooden_pickaxe":25,"minecraft:blue_bed":2,"minecraft:diamond_axe":504,"minecraft:sand":4,"minecraft:deepslate_tiles":58,"minecraft:bread":43,"minecraft:gravel":1,"minecraft:diamond_sword":516,"minecraft:wooden_sword":33,"minecraft:andesite":4,"minecraft:oak_fence":15,"minecraft:stone_sword":24,"minecraft:flint_and_steel":6,"minecraft:stone_shovel":138,"minecraft:cooked_salmon":13,"minecraft:netherrack":93,"minecraft:oak_door":14,"minecraft:torch":360,"minecraft:dirt":567,"minecraft:cobblestone_wall":5,"minecraft:granite":13,"minecraft:polished_diorite":884,"minecraft:cooked_beef":33,"minecraft:cobbled_deepslate":27,"minecraft:cooked_mutton":9,"minecraft:water_bucket":37,"minecraft:birch_planks":1,"minecraft:baked_potato":1,"minecraft:birch_boat":3,"minecraft:cobblestone_slab":4,"minecraft:deepslate_bricks":73,"minecraft:salmon":7,"minecraft:polished_deepslate_slab":67,"minecraft:rail":1,"minecraft:crafting_table":16,"minecraft:white_bed":1,"minecraft:smoker":2,"minecraft:diamond_pickaxe":9346,"minecraft:diamond_shovel":71,"minecraft:iron_pickaxe":250,"minecraft:cobblestone":1425,"minecraft:cooked_porkchop":6,"minecraft:bucket":47,"minecraft:kelp":10,"minecraft:jukebox":1},"minecraft:picked_up":{"minecraft:iron_chestplate":1,"minecraft:diamond_sword":2,"minecraft:polished_deepslate":157,"minecraft:string":6,"minecraft:raw_copper":144,"minecraft:iron_leggings":1,"minecraft:deepslate_tiles":6,"minecraft:diamond_leggings":2,"minecraft:gold_nugget":10,"minecraft:cobbled_deepslate":1396,"minecraft:rose_bush":1,"minecraft:iron_pickaxe":2,"minecraft:furnace":1,"minecraft:stick":40,"minecraft:polished_deepslate_stairs":8,"minecraft:torch":204,"minecraft:porkchop":9,"minecraft:cherry_log":134,"minecraft:diorite":1134,"minecraft:quartz_block":2,"minecraft:rotten_flesh":34,"minecraft:obsidian":39,"minecraft:cobblestone":4925,"minecraft:birch_log":49,"minecraft:pink_petals":70,"minecraft:magma_block":8,"minecraft:polished_diorite_slab":3,"minecraft:cooked_beef":1,"minecraft:cherry_planks":8,"minecraft:andesite":87,"minecraft:potato":6,"minecraft:flint":7,"minecraft:tuff":153,"minecraft:lapis_lazuli":33,"minecraft:lantern":7,"minecraft:dirt":524,"minecraft:glass":28,"minecraft:bone":16,"minecraft:bow":4,"minecraft:wheat_seeds":7,"minecraft:raw_gold":28,"minecraft:glowstone_dust":25,"minecraft:diamond_helmet":4,"minecraft:oak_planks":107,"minecraft:sand":72,"minecraft:grass_block":2,"minecraft:diamond":208,"minecraft:bone_meal":10,"minecraft:granite":150,"minecraft:bread":8,"minecraft:oak_sapling":40,"minecraft:netherrack":165,"minecraft:crimson_roots":2,"minecraft:diamond_pickaxe":6,"minecraft:crafting_table":4,"minecraft:ladder":7,"minecraft:gold_block":1,"minecraft:stripped_cherry_log":1,"minecraft:shield":1,"minecraft:cornflower":5,"minecraft:iron_axe":1,"minecraft:music_disc_otherside":1,"minecraft:beef":1,"minecraft:iron_nugget":4,"minecraft:chest":5,"minecraft:birch_sapling":4,"minecraft:egg":1,"minecraft:raw_iron":274,"minecraft:polished_deepslate_slab":2,"minecraft:oak_door":3,"minecraft:redstone":31,"minecraft:arrow":14,"minecraft:diamond_chestplate":3,"minecraft:diamond_boots":3,"minecraft:shears":1,"minecraft:deepslate_bricks":147,"minecraft:mutton":27,"minecraft:white_wool":21,"minecraft:rail":1,"minecraft:glow_ink_sac":3,"minecraft:salmon":34,"minecraft:leather":2,"minecraft:birch_planks":4,"minecraft:oak_log":328,"minecraft:cobblestone_stairs":18,"minecraft:apple":5,"minecraft:kelp":35,"minecraft:iron_ingot":9,"minecraft:stone_pickaxe":2,"minecraft:cherry_sign":2,"minecraft:iron_sword":1,"minecraft:warped_fungus":1,"minecraft:birch_boat":4,"minecraft:quartz":222,"minecraft:gravel":68,"minecraft:white_bed":1,"minecraft:spider_eye":1,"minecraft:polished_diorite_stairs":1,"minecraft:diamond_shovel":1,"minecraft:polished_diorite":54,"minecraft:diamond_axe":4,"minecraft:cherry_sapling":5,"minecraft:gray_wool":2,"minecraft:warped_roots":9,"minecraft:baked_potato":1,"minecraft:warped_nylium":11,"minecraft:coal":465,"minecraft:ender_pearl":15},"minecraft:crafted":{"minecraft:oak_planks":1072,"minecraft:cobblestone_slab":6,"minecraft:birch_boat":2,"minecraft:diamond_shovel":2,"minecraft:cooked_mutton":10,"minecraft:quartz_block":54,"minecraft:glass":124,"minecraft:diamond_helmet":2,"minecraft:diamond_leggings":2,"minecraft:chest":38,"minecraft:oak_fence":15,"minecraft:polished_diorite_slab":12,"minecraft:smoker":2,"minecraft:cooked_porkchop":9,"minecraft:diamond_axe":2,"minecraft:crafting_table":13,"minecraft:wooden_pickaxe":1,"minecraft:birch_planks":152,"minecraft:polished_deepslate_slab":66,"minecraft:diamond_pickaxe":8,"minecraft:shield":3,"minecraft:stick":348,"minecraft:iron_ingot":209,"minecraft:iron_pickaxe":2,"minecraft:stone_sword":1,"minecraft:polished_diorite_stairs":144,"minecraft:deepslate_bricks":284,"minecraft:cherry_planks":16,"minecraft:wooden_sword":1,"minecraft:oak_door":12,"minecraft:stone_shovel":1,"minecraft:jukebox":1,"minecraft:iron_nugget":387,"minecraft:polished_deepslate_stairs":24,"minecraft:furnace":11,"minecraft:flint_and_steel":2,"minecraft:lantern":47,"minecraft:polished_diorite":1088,"minecraft:polished_deepslate":872,"minecraft:iron_axe":1,"minecraft:ladder":96,"minecraft:stone_pickaxe":2,"minecraft:cobblestone_wall":12,"minecraft:diamond_boots":2,"minecraft:diamond_sword":2,"minecraft:blue_bed":2,"minecraft:cooked_salmon":13,"minecraft:bucket":5,"minecraft:deepslate_tiles":56,"minecraft:air":0,"minecraft:blue_dye":6,"minecraft:blue_wool":6,"minecraft:iron_shovel":1,"minecraft:torch":280,"minecraft:diamond_chestplate":2},"minecraft:mined":{"minecraft:white_bed":1,"minecraft:cobblestone_stairs":2,"minecraft:obsidian":35,"minecraft:granite":145,"minecraft:grass_block":71,"minecraft:deepslate_bricks":19,"minecraft:polished_diorite":54,"minecraft:spawner":1,"minecraft:tall_seagrass":1,"minecraft:magma_block":6,"minecraft:glowstone":8,"minecraft:iron_ore":199,"minecraft:cobbled_deepslate":4,"minecraft:fire":11,"minecraft:deepslate_lapis_ore":3,"minecraft:polished_deepslate_slab":2,"minecraft:deepslate_redstone_ore":5,"minecraft:quartz_block":1,"minecraft:crimson_nylium":3,"minecraft:kelp_plant":7,"minecraft:polished_deepslate_stairs":8,"minecraft:torch":29,"minecraft:poppy":1,"minecraft:chest":4,"minecraft:polished_diorite_slab":2,"minecraft:nether_quartz_ore":205,"minecraft:glass":1,"minecraft:cobblestone":156,"minecraft:oak_planks":107,"minecraft:wall_torch":41,"minecraft:pink_petals":1,"minecraft:polished_diorite_stairs":1,"minecraft:warped_nylium":5,"minecraft:birch_log":27,"minecraft:oak_log":330,"minecraft:sand":72,"minecraft:dirt":442,"minecraft:netherrack":156,"minecraft:oak_leaves":53,"minecraft:deepslate":1249,"minecraft:nether_gold_ore":2,"minecraft:deepslate_tiles":6,"minecraft:tuff":153,"minecraft:deepslate_diamond_ore":176,"minecraft:oak_door":3,"minecraft:ladder":4,"minecraft:kelp":20,"minecraft:redstone_ore":2,"minecraft:furnace":1,"minecraft:andesite":85,"minecraft:gold_block":1,"minecraft:polished_deepslate":125,"minecraft:potatoes":1,"minecraft:deepslate_iron_ore":75,"minecraft:lantern":7,"minecraft:stone":5113,"minecraft:crafting_table":4,"minecraft:cornflower":5,"minecraft:short_grass":30,"minecraft:warped_roots":2,"minecraft:rose_bush":1,"minecraft:copper_ore":31,"minecraft:tall_grass":5,"minecraft:lapis_ore":3,"minecraft:deepslate_gold_ore":28,"minecraft:sculk":1,"minecraft:diorite":1136,"minecraft:birch_planks":1,"minecraft:birch_leaves":1,"minecraft:coal_ore":437,"minecraft:gravel":55},"minecraft:broken":{"minecraft:stone_pickaxe":1,"minecraft:diamond_pickaxe":4,"minecraft:stone_shovel":1,"minecraft:iron_pickaxe":1},"minecraft:custom":{"minecraft:interact_with_crafting_table":110,"minecraft:leave_game":16,"minecraft:time_since_death":980225,"minecraft:sprint_one_cm":1448217,"minecraft:damage_blocked_by_shield":2161,"minecraft:drop":140,"minecraft:play_time":980225,"minecraft:jump":12017,"minecraft:walk_on_water_one_cm":112696,"minecraft:interact_with_furnace":83,"minecraft:play_record":1,"minecraft:sleep_in_bed":6,"minecraft:damage_dealt":30341,"minecraft:player_kills":2,"minecraft:crouch_one_cm":444432,"minecraft:interact_with_smoker":13,"minecraft:mob_kills":172,"minecraft:climb_one_cm":107996,"minecraft:walk_one_cm":3369367,"minecraft:sneak_time":147017,"minecraft:walk_under_water_one_cm":212663,"minecraft:boat_one_cm":633269,"minecraft:total_world_time":980225,"minecraft:time_since_rest":8899,"minecraft:damage_taken":4024,"minecraft:swim_one_cm":151154,"minecraft:fly_one_cm":1020723,"minecraft:open_chest":387,"minecraft:fall_one_cm":171395},"minecraft:dropped":{"minecraft:birch_planks":21,"minecraft:diamond_axe":4,"minecraft:cooked_beef":14,"minecraft:diamond":7,"minecraft:cooked_porkchop":3,"minecraft:flint":1,"minecraft:dirt":33,"minecraft:mutton":1,"minecraft:bone_meal":4,"minecraft:iron_pickaxe":1,"minecraft:bone":3,"minecraft:gravel":38,"minecraft:iron_nugget":4,"minecraft:cobbled_deepslate":2,"minecraft:obsidian":5,"minecraft:rotten_flesh":4,"minecraft:oak_planks":1,"minecraft:diamond_shovel":1,"minecraft:salmon":3,"minecraft:netherrack":15,"minecraft:bread":21,"minecraft:wheat_seeds":5,"minecraft:cherry_log":29,"minecraft:diamond_leggings":1,"minecraft:cobblestone":51,"minecraft:coal":4,"minecraft:stick":10,"minecraft:torch":65,"minecraft:rose_bush":1,"minecraft:cherry_planks":6,"minecraft:diamond_helmet":2,"minecraft:iron_axe":1,"minecraft:iron_shovel":1,"minecraft:bucket":1,"minecraft:polished_deepslate":64,"minecraft:raw_copper":21,"minecraft:polished_deepslate_slab":1,"minecraft:diamond_sword":1,"minecraft:potato":1,"minecraft:shield":1,"minecraft:diamond_chestplate":1,"minecraft:diamond_pickaxe":7,"minecraft:andesite":4,"minecraft:diamond_boots":1,"minecraft:birch_boat":2,"minecraft:stone_pickaxe":2},"minecraft:killed":{"minecraft:spider":10,"minecraft:skeleton":27,"minecraft:piglin":4,"minecraft:pig":5,"minecraft:salmon":32,"minecraft:creeper":1,"minecraft:sheep":21,"minecraft:zombie":34,"minecraft:cow":1,"minecraft:drowned":2,"minecraft:enderman":28}},"DataVersion":3953}