{"stats":{"minecraft:mined":{"minecraft:tuff":69,"minecraft:deepslate_diamond_ore":82,"minecraft:obsidian":19,"minecraft:granite":5,"minecraft:short_grass":6,"minecraft:grass_block":11,"minecraft:deepslate_gold_ore":22,"minecraft:tall_seagrass":1,"minecraft:cobbled_deepslate":2,"minecraft:birch_log":27,"minecraft:iron_ore":21,"minecraft:birch_leaves":1,"minecraft:andesite":5,"minecraft:deepslate_lapis_ore":3,"minecraft:coal_ore":104,"minecraft:deepslate_iron_ore":21,"minecraft:gravel":28,"minecraft:dirt":20,"minecraft:stone":408,"minecraft:deepslate":562},"minecraft:used":{"minecraft:water_bucket":3,"minecraft:stone_sword":24,"minecraft:iron_shovel":6,"minecraft:stone_pickaxe":142,"minecraft:wooden_pickaxe":25,"minecraft:chest":4,"minecraft:shield":10,"minecraft:cooked_salmon":8,"minecraft:torch":58,"minecraft:dirt":72,"minecraft:mutton":1,"minecraft:rail":1,"minecraft:crafting_table":5,"minecraft:granite":3,"minecraft:obsidian":1,"minecraft:diamond_pickaxe":925,"minecraft:iron_pickaxe":250,"minecraft:diamond_sword":39,"minecraft:wooden_sword":33,"minecraft:cobblestone":13,"minecraft:furnace":2,"minecraft:cooked_porkchop":3,"minecraft:bucket":5,"minecraft:andesite":4,"minecraft:cobbled_deepslate":15},"minecraft:custom":{"minecraft:interact_with_furnace":28,"minecraft:mob_kills":48,"minecraft:interact_with_crafting_table":24,"minecraft:leave_game":2,"minecraft:time_since_death":135494,"minecraft:time_since_rest":135494,"minecraft:sprint_one_cm":90242,"minecraft:damage_taken":721,"minecraft:walk_one_cm":315116,"minecraft:damage_blocked_by_shield":528,"minecraft:drop":14,"minecraft:damage_dealt":3937,"minecraft:swim_one_cm":58951,"minecraft:fly_one_cm":73487,"minecraft:open_chest":18,"minecraft:crouch_one_cm":41546,"minecraft:play_time":135494,"minecraft:sneak_time":20034,"minecraft:walk_under_water_one_cm":26838,"minecraft:jump":897,"minecraft:walk_on_water_one_cm":22288,"minecraft:total_world_time":135494,"minecraft:fall_one_cm":14264},"minecraft:broken":{"minecraft:stone_pickaxe":1,"minecraft:iron_pickaxe":1},"minecraft:killed":{"minecraft:pig":2,"minecraft:salmon":31,"minecraft:spider":2,"minecraft:sheep":1,"minecraft:skeleton":5,"minecraft:zombie":7},"minecraft:dropped":{"minecraft:wheat_seeds":1,"minecraft:diamond":2,"minecraft:obsidian":4,"minecraft:rotten_flesh":1,"minecraft:diamond_sword":1,"minecraft:shield":1,"minecraft:torch":2,"minecraft:bone_meal":4,"minecraft:stone_pickaxe":1},"minecraft:crafted":{"minecraft:wooden_sword":1,"minecraft:diamond_sword":2,"minecraft:cooked_porkchop":3,"minecraft:crafting_table":5,"minecraft:wooden_pickaxe":1,"minecraft:furnace":2,"minecraft:cooked_salmon":8,"minecraft:bucket":2,"minecraft:birch_planks":108,"minecraft:air":0,"minecraft:diamond_helmet":1,"minecraft:polished_deepslate":256,"minecraft:diamond_leggings":1,"minecraft:diamond_pickaxe":1,"minecraft:shield":2,"minecraft:stick":48,"minecraft:iron_ingot":32,"minecraft:iron_pickaxe":1,"minecraft:stone_pickaxe":2,"minecraft:stone_sword":1,"minecraft:chest":4,"minecraft:iron_shovel":1,"minecraft:diamond_boots":1,"minecraft:torch":120,"minecraft:diamond_chestplate":1},"minecraft:picked_up":{"minecraft:birch_log":27,"minecraft:salmon":30,"minecraft:andesite":5,"minecraft:flint":4,"minecraft:tuff":69,"minecraft:lapis_lazuli":19,"minecraft:dirt":7,"minecraft:string":3,"minecraft:bone":4,"minecraft:bow":1,"minecraft:wheat_seeds":1,"minecraft:cobbled_deepslate":621,"minecraft:raw_gold":22,"minecraft:stone_pickaxe":1,"minecraft:raw_iron":42,"minecraft:torch":5,"minecraft:gravel":24,"minecraft:porkchop":3,"minecraft:arrow":3,"minecraft:rotten_flesh":9,"minecraft:diamond":82,"minecraft:granite":5,"minecraft:bone_meal":5,"minecraft:gray_wool":2,"minecraft:obsidian":19,"minecraft:mutton":1,"minecraft:coal":104,"minecraft:white_wool":1,"minecraft:rail":1,"minecraft:cobblestone":255}},"DataVersion":3953}