{"stats":{"minecraft:mined":{"minecraft:tuff":69,"minecraft:deepslate_diamond_ore":82,"minecraft:obsidian":22,"minecraft:granite":5,"minecraft:short_grass":6,"minecraft:grass_block":11,"minecraft:cobblestone":8,"minecraft:deepslate_gold_ore":22,"minecraft:tall_seagrass":1,"minecraft:cobbled_deepslate":2,"minecraft:birch_log":27,"minecraft:iron_ore":27,"minecraft:birch_leaves":1,"minecraft:andesite":5,"minecraft:deepslate_lapis_ore":3,"minecraft:coal_ore":104,"minecraft:deepslate_iron_ore":21,"minecraft:gravel":28,"minecraft:dirt":49,"minecraft:stone":580,"minecraft:deepslate":562},"minecraft:used":{"minecraft:water_bucket":3,"minecraft:stone_sword":24,"minecraft:polished_deepslate":25,"minecraft:iron_shovel":6,"minecraft:stone_pickaxe":142,"minecraft:wooden_pickaxe":25,"minecraft:chest":5,"minecraft:shield":10,"minecraft:deepslate_bricks":12,"minecraft:cooked_salmon":10,"minecraft:salmon":7,"minecraft:torch":62,"minecraft:dirt":113,"minecraft:mutton":1,"minecraft:rail":1,"minecraft:crafting_table":6,"minecraft:granite":3,"minecraft:obsidian":4,"minecraft:diamond_pickaxe":1114,"minecraft:iron_pickaxe":250,"minecraft:diamond_sword":39,"minecraft:wooden_sword":33,"minecraft:cobblestone":136,"minecraft:furnace":4,"minecraft:cooked_porkchop":3,"minecraft:bucket":5,"minecraft:andesite":4,"minecraft:cobbled_deepslate":15},"minecraft:custom":{"minecraft:interact_with_furnace":32,"minecraft:mob_kills":48,"minecraft:interact_with_crafting_table":33,"minecraft:leave_game":2,"minecraft:time_since_death":159494,"minecraft:time_since_rest":159494,"minecraft:sprint_one_cm":94176,"minecraft:damage_taken":907,"minecraft:walk_one_cm":461019,"minecraft:damage_blocked_by_shield":528,"minecraft:drop":49,"minecraft:damage_dealt":3937,"minecraft:swim_one_cm":58951,"minecraft:fly_one_cm":75528,"minecraft:open_chest":26,"minecraft:crouch_one_cm":51823,"minecraft:play_time":159494,"minecraft:sneak_time":22583,"minecraft:walk_under_water_one_cm":26838,"minecraft:jump":989,"minecraft:walk_on_water_one_cm":22288,"minecraft:total_world_time":159494,"minecraft:fall_one_cm":17128},"minecraft:broken":{"minecraft:stone_pickaxe":1,"minecraft:iron_pickaxe":1},"minecraft:killed":{"minecraft:pig":2,"minecraft:salmon":31,"minecraft:spider":2,"minecraft:sheep":1,"minecraft:skeleton":5,"minecraft:zombie":7},"minecraft:dropped":{"minecraft:wheat_seeds":2,"minecraft:cherry_log":29,"minecraft:diamond":2,"minecraft:diamond_leggings":1,"minecraft:obsidian":5,"minecraft:rotten_flesh":4,"minecraft:coal":4,"minecraft:stick":8,"minecraft:diamond_sword":1,"minecraft:dirt":33,"minecraft:shield":1,"minecraft:diamond_chestplate":1,"minecraft:torch":3,"minecraft:cherry_planks":6,"minecraft:diamond_helmet":2,"minecraft:diamond_boots":1,"minecraft:bone_meal":4,"minecraft:birch_boat":1,"minecraft:stone_pickaxe":1},"minecraft:crafted":{"minecraft:cherry_planks":16,"minecraft:wooden_sword":1,"minecraft:diamond_sword":2,"minecraft:cooked_porkchop":3,"minecraft:crafting_table":6,"minecraft:wooden_pickaxe":1,"minecraft:furnace":5,"minecraft:cooked_salmon":13,"minecraft:bucket":2,"minecraft:birch_planks":108,"minecraft:air":0,"minecraft:diamond_helmet":2,"minecraft:polished_deepslate":512,"minecraft:diamond_leggings":2,"minecraft:diamond_pickaxe":1,"minecraft:shield":2,"minecraft:stick":48,"minecraft:iron_ingot":32,"minecraft:iron_pickaxe":1,"minecraft:stone_pickaxe":2,"minecraft:stone_sword":1,"minecraft:chest":5,"minecraft:iron_shovel":1,"minecraft:diamond_boots":2,"minecraft:deepslate_bricks":256,"minecraft:torch":120,"minecraft:diamond_chestplate":2},"minecraft:picked_up":{"minecraft:birch_log":27,"minecraft:pink_petals":3,"minecraft:iron_chestplate":1,"minecraft:cherry_planks":8,"minecraft:salmon":30,"minecraft:andesite":5,"minecraft:diamond_sword":1,"minecraft:stripped_cherry_log":1,"minecraft:flint":4,"minecraft:tuff":69,"minecraft:shield":1,"minecraft:lapis_lazuli":19,"minecraft:dirt":70,"minecraft:string":3,"minecraft:raw_copper":29,"minecraft:iron_axe":1,"minecraft:iron_leggings":1,"minecraft:bone":4,"minecraft:bow":1,"minecraft:wheat_seeds":3,"minecraft:cobbled_deepslate":623,"minecraft:raw_gold":22,"minecraft:stone_pickaxe":1,"minecraft:cherry_sign":2,"minecraft:iron_pickaxe":1,"minecraft:diamond_helmet":2,"minecraft:iron_sword":1,"minecraft:stick":16,"minecraft:raw_iron":48,"minecraft:birch_boat":2,"minecraft:torch":7,"minecraft:gravel":24,"minecraft:porkchop":3,"minecraft:cherry_log":61,"minecraft:diamond_chestplate":1,"minecraft:diamond_shovel":1,"minecraft:arrow":5,"minecraft:rotten_flesh":16,"minecraft:diamond":82,"minecraft:shears":1,"minecraft:diamond_boots":1,"minecraft:diamond_axe":1,"minecraft:cherry_sapling":4,"minecraft:granite":5,"minecraft:bone_meal":10,"minecraft:gray_wool":2,"minecraft:oak_sapling":1,"minecraft:obsidian":23,"minecraft:mutton":1,"minecraft:coal":133,"minecraft:white_wool":2,"minecraft:rail":1,"minecraft:cobblestone":446}},"DataVersion":3953}