{"stats":{"minecraft:used":{"minecraft:oak_fence":15,"minecraft:stone_sword":24,"minecraft:flint_and_steel":4,"minecraft:iron_shovel":30,"minecraft:polished_deepslate":524,"minecraft:stone_shovel":138,"minecraft:ladder":96,"minecraft:chest":40,"minecraft:shield":49,"minecraft:cooked_salmon":13,"minecraft:oak_door":14,"minecraft:torch":341,"minecraft:dirt":524,"minecraft:mutton":9,"minecraft:cobblestone_wall":5,"minecraft:tuff":3,"minecraft:granite":13,"minecraft:obsidian":16,"minecraft:polished_diorite":881,"minecraft:polished_deepslate_stairs":29,"minecraft:glass":74,"minecraft:lava_bucket":9,"minecraft:lantern":54,"minecraft:furnace":9,"minecraft:polished_diorite_stairs":120,"minecraft:cooked_beef":19,"minecraft:cobbled_deepslate":27,"minecraft:cooked_mutton":9,"minecraft:water_bucket":33,"minecraft:diorite":1,"minecraft:birch_planks":1,"minecraft:oak_planks":683,"minecraft:stone_pickaxe":142,"minecraft:polished_diorite_slab":13,"minecraft:baked_potato":1,"minecraft:birch_boat":3,"minecraft:wooden_pickaxe":25,"minecraft:diamond_axe":504,"minecraft:blue_bed":2,"minecraft:cobblestone_slab":4,"minecraft:deepslate_bricks":73,"minecraft:salmon":7,"minecraft:polished_deepslate_slab":67,"minecraft:sand":4,"minecraft:rail":1,"minecraft:crafting_table":16,"minecraft:white_bed":1,"minecraft:smoker":2,"minecraft:deepslate_tiles":58,"minecraft:diamond_pickaxe":8261,"minecraft:diamond_shovel":71,"minecraft:bread":43,"minecraft:iron_pickaxe":250,"minecraft:gravel":1,"minecraft:diamond_sword":356,"minecraft:wooden_sword":33,"minecraft:cobblestone":1290,"minecraft:bucket":42,"minecraft:cooked_porkchop":6,"minecraft:andesite":4,"minecraft:kelp":10,"minecraft:jukebox":1},"minecraft:picked_up":{"minecraft:crafting_table":4,"minecraft:iron_chestplate":1,"minecraft:ladder":7,"minecraft:diamond_sword":2,"minecraft:gold_block":1,"minecraft:stripped_cherry_log":1,"minecraft:shield":1,"minecraft:cornflower":5,"minecraft:polished_deepslate":157,"minecraft:string":6,"minecraft:raw_copper":141,"minecraft:iron_axe":1,"minecraft:iron_leggings":1,"minecraft:deepslate_tiles":6,"minecraft:diamond_leggings":2,"minecraft:cobbled_deepslate":1396,"minecraft:music_disc_otherside":1,"minecraft:beef":1,"minecraft:rose_bush":1,"minecraft:iron_nugget":4,"minecraft:iron_pickaxe":2,"minecraft:chest":4,"minecraft:birch_sapling":4,"minecraft:furnace":1,"minecraft:egg":1,"minecraft:stick":40,"minecraft:raw_iron":260,"minecraft:polished_deepslate_slab":2,"minecraft:oak_door":3,"minecraft:polished_deepslate_stairs":8,"minecraft:torch":194,"minecraft:porkchop":9,"minecraft:cherry_log":134,"minecraft:diorite":1128,"minecraft:redstone":31,"minecraft:rotten_flesh":34,"minecraft:arrow":14,"minecraft:diamond_chestplate":3,"minecraft:diamond_boots":3,"minecraft:shears":1,"minecraft:deepslate_bricks":147,"minecraft:obsidian":39,"minecraft:mutton":27,"minecraft:rail":1,"minecraft:white_wool":21,"minecraft:cobblestone":4297,"minecraft:birch_log":49,"minecraft:pink_petals":70,"minecraft:polished_diorite_slab":3,"minecraft:cooked_beef":1,"minecraft:cherry_planks":8,"minecraft:glow_ink_sac":3,"minecraft:salmon":34,"minecraft:andesite":87,"minecraft:leather":2,"minecraft:potato":6,"minecraft:birch_planks":4,"minecraft:flint":7,"minecraft:tuff":153,"minecraft:oak_log":328,"minecraft:cobblestone_stairs":18,"minecraft:lapis_lazuli":33,"minecraft:dirt":515,"minecraft:lantern":7,"minecraft:bone":16,"minecraft:apple":5,"minecraft:kelp":35,"minecraft:bow":4,"minecraft:wheat_seeds":7,"minecraft:raw_gold":28,"minecraft:stone_pickaxe":1,"minecraft:iron_ingot":9,"minecraft:cherry_sign":2,"minecraft:diamond_helmet":4,"minecraft:oak_planks":106,"minecraft:iron_sword":1,"minecraft:birch_boat":4,"minecraft:gravel":68,"minecraft:sand":72,"minecraft:white_bed":1,"minecraft:grass_block":2,"minecraft:spider_eye":1,"minecraft:polished_diorite_stairs":1,"minecraft:diamond_shovel":1,"minecraft:diamond":176,"minecraft:polished_diorite":50,"minecraft:granite":127,"minecraft:diamond_axe":4,"minecraft:cherry_sapling":5,"minecraft:bone_meal":10,"minecraft:gray_wool":2,"minecraft:bread":8,"minecraft:baked_potato":1,"minecraft:oak_sapling":40,"minecraft:netherrack":6,"minecraft:coal":451,"minecraft:ender_pearl":1,"minecraft:diamond_pickaxe":6},"minecraft:crafted":{"minecraft:cherry_planks":16,"minecraft:wooden_sword":1,"minecraft:oak_door":12,"minecraft:oak_planks":1072,"minecraft:cobblestone_slab":6,"minecraft:stone_shovel":1,"minecraft:jukebox":1,"minecraft:iron_nugget":387,"minecraft:polished_deepslate_stairs":24,"minecraft:birch_boat":2,"minecraft:furnace":11,"minecraft:diamond_shovel":2,"minecraft:cooked_mutton":10,"minecraft:flint_and_steel":1,"minecraft:glass":124,"minecraft:lantern":47,"minecraft:diamond_helmet":2,"minecraft:diamond_leggings":2,"minecraft:polished_deepslate":872,"minecraft:polished_diorite":1088,"minecraft:iron_axe":1,"minecraft:ladder":96,"minecraft:stone_pickaxe":2,"minecraft:cobblestone_wall":12,"minecraft:chest":38,"minecraft:diamond_boots":2,"minecraft:oak_fence":15,"minecraft:polished_diorite_slab":12,"minecraft:smoker":2,"minecraft:diamond_sword":2,"minecraft:cooked_porkchop":9,"minecraft:diamond_axe":2,"minecraft:crafting_table":13,"minecraft:wooden_pickaxe":1,"minecraft:blue_bed":2,"minecraft:cooked_salmon":13,"minecraft:birch_planks":152,"minecraft:bucket":5,"minecraft:deepslate_tiles":56,"minecraft:polished_deepslate_slab":66,"minecraft:air":0,"minecraft:blue_dye":6,"minecraft:diamond_pickaxe":7,"minecraft:shield":3,"minecraft:stick":340,"minecraft:iron_ingot":209,"minecraft:iron_pickaxe":2,"minecraft:stone_sword":1,"minecraft:blue_wool":6,"minecraft:iron_shovel":1,"minecraft:torch":256,"minecraft:polished_diorite_stairs":144,"minecraft:deepslate_bricks":284,"minecraft:diamond_chestplate":2},"minecraft:mined":{"minecraft:deepslate_tiles":6,"minecraft:tuff":153,"minecraft:white_bed":1,"minecraft:deepslate_diamond_ore":176,"minecraft:oak_door":3,"minecraft:cobblestone_stairs":2,"minecraft:obsidian":35,"minecraft:ladder":4,"minecraft:granite":122,"minecraft:grass_block":71,"minecraft:deepslate_bricks":19,"minecraft:polished_diorite":50,"minecraft:kelp":20,"minecraft:spawner":1,"minecraft:tall_seagrass":1,"minecraft:redstone_ore":2,"minecraft:furnace":1,"minecraft:iron_ore":185,"minecraft:fire":8,"minecraft:cobbled_deepslate":4,"minecraft:andesite":85,"minecraft:deepslate_lapis_ore":3,"minecraft:gold_block":1,"minecraft:polished_deepslate":125,"minecraft:potatoes":1,"minecraft:polished_deepslate_slab":2,"minecraft:deepslate_iron_ore":75,"minecraft:lantern":7,"minecraft:stone":4495,"minecraft:deepslate_redstone_ore":5,"minecraft:kelp_plant":7,"minecraft:polished_deepslate_stairs":8,"minecraft:crafting_table":4,"minecraft:cornflower":5,"minecraft:torch":27,"minecraft:short_grass":30,"minecraft:poppy":1,"minecraft:chest":3,"minecraft:rose_bush":1,"minecraft:polished_diorite_slab":2,"minecraft:glass":1,"minecraft:tall_grass":5,"minecraft:copper_ore":30,"minecraft:cobblestone":139,"minecraft:lapis_ore":3,"minecraft:deepslate_gold_ore":28,"minecraft:oak_planks":106,"minecraft:sculk":1,"minecraft:diorite":1130,"minecraft:wall_torch":37,"minecraft:pink_petals":1,"minecraft:polished_diorite_stairs":1,"minecraft:birch_planks":1,"minecraft:birch_log":27,"minecraft:birch_leaves":1,"minecraft:coal_ore":423,"minecraft:oak_log":330,"minecraft:gravel":55,"minecraft:sand":72,"minecraft:dirt":434,"minecraft:oak_leaves":53,"minecraft:deepslate":1249},"minecraft:broken":{"minecraft:stone_pickaxe":1,"minecraft:diamond_pickaxe":4,"minecraft:iron_pickaxe":1,"minecraft:stone_shovel":1},"minecraft:custom":{"minecraft:mob_kills":143,"minecraft:interact_with_crafting_table":105,"minecraft:leave_game":14,"minecraft:time_since_death":887855,"minecraft:climb_one_cm":107034,"minecraft:sprint_one_cm":1302769,"minecraft:walk_one_cm":3008962,"minecraft:damage_blocked_by_shield":1836,"minecraft:drop":122,"minecraft:play_time":887855,"minecraft:sneak_time":129297,"minecraft:walk_under_water_one_cm":193671,"minecraft:boat_one_cm":633269,"minecraft:jump":11188,"minecraft:walk_on_water_one_cm":107304,"minecraft:total_world_time":887855,"minecraft:interact_with_furnace":83,"minecraft:play_record":1,"minecraft:sleep_in_bed":5,"minecraft:time_since_rest":6272,"minecraft:damage_taken":3174,"minecraft:damage_dealt":20277,"minecraft:swim_one_cm":134469,"minecraft:fly_one_cm":942386,"minecraft:player_kills":2,"minecraft:open_chest":352,"minecraft:crouch_one_cm":376488,"minecraft:interact_with_smoker":13,"minecraft:fall_one_cm":158608},"minecraft:dropped":{"minecraft:bread":21,"minecraft:birch_planks":21,"minecraft:wheat_seeds":5,"minecraft:diamond_axe":4,"minecraft:cooked_beef":12,"minecraft:cherry_log":29,"minecraft:diamond":7,"minecraft:cooked_porkchop":3,"minecraft:diamond_leggings":1,"minecraft:cobblestone":51,"minecraft:stick":10,"minecraft:coal":4,"minecraft:flint":1,"minecraft:dirt":33,"minecraft:torch":65,"minecraft:mutton":1,"minecraft:rose_bush":1,"minecraft:cherry_planks":6,"minecraft:diamond_helmet":2,"minecraft:bone_meal":4,"minecraft:iron_axe":1,"minecraft:iron_pickaxe":1,"minecraft:iron_shovel":1,"minecraft:bucket":1,"minecraft:bone":3,"minecraft:polished_deepslate":64,"minecraft:gravel":38,"minecraft:iron_nugget":4,"minecraft:raw_copper":21,"minecraft:cobbled_deepslate":2,"minecraft:obsidian":5,"minecraft:rotten_flesh":4,"minecraft:polished_deepslate_slab":1,"minecraft:oak_planks":1,"minecraft:diamond_shovel":1,"minecraft:salmon":3,"minecraft:diamond_sword":1,"minecraft:potato":1,"minecraft:shield":1,"minecraft:diamond_chestplate":1,"minecraft:diamond_pickaxe":7,"minecraft:andesite":4,"minecraft:diamond_boots":1,"minecraft:birch_boat":2,"minecraft:stone_pickaxe":1},"minecraft:killed":{"minecraft:spider":10,"minecraft:skeleton":27,"minecraft:drowned":2,"minecraft:piglin":1,"minecraft:pig":5,"minecraft:salmon":32,"minecraft:creeper":1,"minecraft:sheep":21,"minecraft:zombie":34,"minecraft:cow":1,"minecraft:enderman":3}},"DataVersion":3953}