{"stats":{"minecraft:custom":{"minecraft:mob_kills":86,"minecraft:interact_with_crafting_table":67,"minecraft:leave_game":10,"minecraft:time_since_death":534556,"minecraft:climb_one_cm":71056,"minecraft:sprint_one_cm":394432,"minecraft:walk_one_cm":1897775,"minecraft:damage_blocked_by_shield":1330,"minecraft:drop":95,"minecraft:play_time":534556,"minecraft:sneak_time":87874,"minecraft:walk_under_water_one_cm":103844,"minecraft:boat_one_cm":572917,"minecraft:jump":4002,"minecraft:walk_on_water_one_cm":63763,"minecraft:total_world_time":534556,"minecraft:interact_with_furnace":34,"minecraft:time_since_rest":534556,"minecraft:damage_taken":2075,"minecraft:damage_dealt":10802,"minecraft:swim_one_cm":85497,"minecraft:player_kills":2,"minecraft:fly_one_cm":411193,"minecraft:open_chest":69,"minecraft:crouch_one_cm":245889,"minecraft:fall_one_cm":75889},"minecraft:dropped":{"minecraft:bread":21,"minecraft:birch_planks":21,"minecraft:wheat_seeds":3,"minecraft:diamond_axe":3,"minecraft:cherry_log":29,"minecraft:diamond":2,"minecraft:diamond_leggings":1,"minecraft:coal":4,"minecraft:stick":8,"minecraft:flint":1,"minecraft:dirt":33,"minecraft:torch":65,"minecraft:rose_bush":1,"minecraft:cherry_planks":6,"minecraft:diamond_helmet":2,"minecraft:bone_meal":4,"minecraft:iron_axe":1,"minecraft:iron_pickaxe":1,"minecraft:iron_shovel":1,"minecraft:polished_deepslate":64,"minecraft:gravel":38,"minecraft:iron_nugget":4,"minecraft:cobbled_deepslate":2,"minecraft:raw_copper":14,"minecraft:obsidian":5,"minecraft:polished_deepslate_slab":1,"minecraft:rotten_flesh":4,"minecraft:oak_planks":1,"minecraft:salmon":3,"minecraft:diamond_sword":1,"minecraft:potato":1,"minecraft:shield":1,"minecraft:diamond_chestplate":1,"minecraft:diamond_pickaxe":3,"minecraft:diamond_boots":1,"minecraft:birch_boat":2,"minecraft:stone_pickaxe":1},"minecraft:used":{"minecraft:stone_sword":24,"minecraft:iron_shovel":30,"minecraft:polished_deepslate":522,"minecraft:flint_and_steel":4,"minecraft:stone_shovel":91,"minecraft:ladder":95,"minecraft:chest":8,"minecraft:shield":32,"minecraft:cooked_salmon":13,"minecraft:torch":212,"minecraft:dirt":316,"minecraft:mutton":1,"minecraft:granite":13,"minecraft:obsidian":16,"minecraft:polished_diorite":97,"minecraft:polished_deepslate_stairs":29,"minecraft:lava_bucket":9,"minecraft:lantern":4,"minecraft:furnace":4,"minecraft:polished_diorite_stairs":113,"minecraft:cobbled_deepslate":15,"minecraft:cooked_mutton":4,"minecraft:water_bucket":6,"minecraft:diorite":1,"minecraft:birch_planks":1,"minecraft:stone_pickaxe":142,"minecraft:oak_planks":643,"minecraft:birch_boat":3,"minecraft:wooden_pickaxe":25,"minecraft:diamond_axe":491,"minecraft:deepslate_bricks":73,"minecraft:salmon":7,"minecraft:polished_deepslate_slab":67,"minecraft:rail":1,"minecraft:crafting_table":11,"minecraft:deepslate_tiles":58,"minecraft:diamond_pickaxe":5635,"minecraft:bread":27,"minecraft:iron_pickaxe":250,"minecraft:diamond_sword":176,"minecraft:wooden_sword":33,"minecraft:cobblestone":614,"minecraft:cooked_porkchop":3,"minecraft:bucket":15,"minecraft:andesite":4},"minecraft:killed":{"minecraft:spider":8,"minecraft:skeleton":14,"minecraft:drowned":2,"minecraft:piglin":1,"minecraft:pig":2,"minecraft:salmon":32,"minecraft:sheep":10,"minecraft:zombie":16},"minecraft:mined":{"minecraft:deepslate_tiles":6,"minecraft:tuff":83,"minecraft:deepslate_diamond_ore":90,"minecraft:cobblestone_stairs":2,"minecraft:obsidian":23,"minecraft:ladder":4,"minecraft:granite":122,"minecraft:grass_block":46,"minecraft:deepslate_bricks":19,"minecraft:polished_diorite":5,"minecraft:tall_seagrass":1,"minecraft:cobbled_deepslate":2,"minecraft:fire":8,"minecraft:iron_ore":46,"minecraft:andesite":48,"minecraft:deepslate_lapis_ore":3,"minecraft:polished_deepslate":125,"minecraft:potatoes":1,"minecraft:polished_deepslate_slab":2,"minecraft:deepslate_iron_ore":36,"minecraft:stone":3556,"minecraft:deepslate_redstone_ore":4,"minecraft:polished_deepslate_stairs":6,"minecraft:crafting_table":1,"minecraft:torch":9,"minecraft:short_grass":20,"minecraft:rose_bush":1,"minecraft:cobblestone":64,"minecraft:copper_ore":13,"minecraft:tall_grass":5,"minecraft:deepslate_gold_ore":22,"minecraft:oak_planks":102,"minecraft:diorite":605,"minecraft:wall_torch":23,"minecraft:pink_petals":1,"minecraft:polished_diorite_stairs":1,"minecraft:birch_planks":1,"minecraft:birch_log":27,"minecraft:birch_leaves":1,"minecraft:coal_ore":174,"minecraft:oak_log":330,"minecraft:gravel":55,"minecraft:dirt":324,"minecraft:oak_leaves":53,"minecraft:deepslate":895},"minecraft:broken":{"minecraft:stone_pickaxe":1,"minecraft:diamond_pickaxe":3,"minecraft:iron_pickaxe":1},"minecraft:picked_up":{"minecraft:crafting_table":1,"minecraft:iron_chestplate":1,"minecraft:ladder":6,"minecraft:diamond_sword":2,"minecraft:stripped_cherry_log":1,"minecraft:shield":1,"minecraft:polished_deepslate":157,"minecraft:string":4,"minecraft:raw_copper":81,"minecraft:iron_axe":1,"minecraft:iron_leggings":1,"minecraft:deepslate_tiles":6,"minecraft:diamond_leggings":1,"minecraft:cobbled_deepslate":1018,"minecraft:rose_bush":1,"minecraft:iron_nugget":4,"minecraft:iron_pickaxe":2,"minecraft:chest":1,"minecraft:birch_sapling":4,"minecraft:egg":1,"minecraft:stick":38,"minecraft:raw_iron":82,"minecraft:polished_deepslate_slab":2,"minecraft:polished_deepslate_stairs":6,"minecraft:torch":139,"minecraft:porkchop":3,"minecraft:cherry_log":134,"minecraft:diorite":605,"minecraft:redstone":16,"minecraft:diamond_chestplate":2,"minecraft:arrow":10,"minecraft:rotten_flesh":17,"minecraft:diamond_boots":2,"minecraft:shears":1,"minecraft:deepslate_bricks":147,"minecraft:obsidian":29,"minecraft:mutton":13,"minecraft:rail":1,"minecraft:white_wool":11,"minecraft:cobblestone":3264,"minecraft:birch_log":49,"minecraft:pink_petals":70,"minecraft:cherry_planks":8,"minecraft:andesite":48,"minecraft:salmon":34,"minecraft:potato":6,"minecraft:birch_planks":4,"minecraft:flint":7,"minecraft:tuff":83,"minecraft:oak_log":328,"minecraft:cobblestone_stairs":18,"minecraft:lapis_lazuli":19,"minecraft:dirt":378,"minecraft:bone":4,"minecraft:apple":5,"minecraft:bow":1,"minecraft:wheat_seeds":4,"minecraft:raw_gold":22,"minecraft:stone_pickaxe":1,"minecraft:cherry_sign":2,"minecraft:diamond_helmet":3,"minecraft:oak_planks":103,"minecraft:iron_sword":1,"minecraft:birch_boat":4,"minecraft:gravel":67,"minecraft:polished_diorite_stairs":1,"minecraft:diamond_shovel":1,"minecraft:diamond":90,"minecraft:polished_diorite":5,"minecraft:granite":126,"minecraft:diamond_axe":3,"minecraft:cherry_sapling":5,"minecraft:bone_meal":10,"minecraft:gray_wool":2,"minecraft:bread":8,"minecraft:oak_sapling":40,"minecraft:netherrack":6,"minecraft:coal":203,"minecraft:diamond_pickaxe":3},"minecraft:crafted":{"minecraft:cherry_planks":16,"minecraft:wooden_sword":1,"minecraft:stone_shovel":1,"minecraft:oak_planks":800,"minecraft:iron_nugget":36,"minecraft:polished_deepslate_stairs":24,"minecraft:birch_boat":2,"minecraft:furnace":5,"minecraft:cooked_mutton":5,"minecraft:flint_and_steel":1,"minecraft:lantern":4,"minecraft:diamond_helmet":2,"minecraft:diamond_leggings":2,"minecraft:polished_diorite":404,"minecraft:polished_deepslate":864,"minecraft:iron_axe":1,"minecraft:ladder":96,"minecraft:stone_pickaxe":2,"minecraft:chest":7,"minecraft:diamond_boots":2,"minecraft:diamond_sword":2,"minecraft:cooked_porkchop":3,"minecraft:diamond_axe":2,"minecraft:crafting_table":10,"minecraft:wooden_pickaxe":1,"minecraft:cooked_salmon":13,"minecraft:bucket":2,"minecraft:birch_planks":152,"minecraft:deepslate_tiles":56,"minecraft:polished_deepslate_slab":66,"minecraft:air":0,"minecraft:diamond_pickaxe":5,"minecraft:shield":2,"minecraft:stick":296,"minecraft:iron_ingot":32,"minecraft:iron_pickaxe":2,"minecraft:stone_sword":1,"minecraft:iron_shovel":1,"minecraft:polished_diorite_stairs":132,"minecraft:torch":192,"minecraft:deepslate_bricks":284,"minecraft:diamond_chestplate":2}},"DataVersion":3953}