{"stats":{"minecraft:custom":{"minecraft:mob_kills":83,"minecraft:interact_with_crafting_table":64,"minecraft:leave_game":10,"minecraft:time_since_death":486556,"minecraft:climb_one_cm":11722,"minecraft:sprint_one_cm":368897,"minecraft:walk_one_cm":1720991,"minecraft:damage_blocked_by_shield":1305,"minecraft:drop":94,"minecraft:play_time":486556,"minecraft:sneak_time":76459,"minecraft:walk_under_water_one_cm":103844,"minecraft:boat_one_cm":572917,"minecraft:jump":3904,"minecraft:walk_on_water_one_cm":62058,"minecraft:total_world_time":486556,"minecraft:interact_with_furnace":34,"minecraft:time_since_rest":486556,"minecraft:damage_taken":2017,"minecraft:damage_dealt":10062,"minecraft:swim_one_cm":85497,"minecraft:player_kills":2,"minecraft:fly_one_cm":407266,"minecraft:open_chest":65,"minecraft:crouch_one_cm":216658,"minecraft:fall_one_cm":75142},"minecraft:dropped":{"minecraft:bread":21,"minecraft:birch_planks":21,"minecraft:wheat_seeds":3,"minecraft:diamond_axe":3,"minecraft:cherry_log":29,"minecraft:diamond":2,"minecraft:diamond_leggings":1,"minecraft:coal":4,"minecraft:stick":8,"minecraft:flint":1,"minecraft:dirt":33,"minecraft:torch":65,"minecraft:rose_bush":1,"minecraft:cherry_planks":6,"minecraft:diamond_helmet":2,"minecraft:bone_meal":4,"minecraft:iron_axe":1,"minecraft:iron_pickaxe":1,"minecraft:iron_shovel":1,"minecraft:polished_deepslate":64,"minecraft:gravel":38,"minecraft:iron_nugget":4,"minecraft:cobbled_deepslate":2,"minecraft:raw_copper":14,"minecraft:obsidian":5,"minecraft:rotten_flesh":4,"minecraft:oak_planks":1,"minecraft:salmon":3,"minecraft:diamond_sword":1,"minecraft:potato":1,"minecraft:shield":1,"minecraft:diamond_chestplate":1,"minecraft:diamond_pickaxe":3,"minecraft:diamond_boots":1,"minecraft:birch_boat":2,"minecraft:stone_pickaxe":1},"minecraft:used":{"minecraft:stone_sword":24,"minecraft:iron_shovel":30,"minecraft:polished_deepslate":423,"minecraft:flint_and_steel":4,"minecraft:stone_shovel":38,"minecraft:ladder":37,"minecraft:chest":8,"minecraft:shield":31,"minecraft:cooked_salmon":13,"minecraft:torch":173,"minecraft:dirt":313,"minecraft:mutton":1,"minecraft:granite":13,"minecraft:obsidian":16,"minecraft:polished_diorite":6,"minecraft:polished_deepslate_stairs":29,"minecraft:lava_bucket":9,"minecraft:lantern":4,"minecraft:furnace":4,"minecraft:polished_diorite_stairs":113,"minecraft:cobbled_deepslate":15,"minecraft:cooked_mutton":4,"minecraft:water_bucket":6,"minecraft:diorite":1,"minecraft:birch_planks":1,"minecraft:stone_pickaxe":142,"minecraft:oak_planks":643,"minecraft:birch_boat":3,"minecraft:wooden_pickaxe":25,"minecraft:diamond_axe":491,"minecraft:deepslate_bricks":73,"minecraft:salmon":7,"minecraft:polished_deepslate_slab":67,"minecraft:rail":1,"minecraft:crafting_table":11,"minecraft:deepslate_tiles":58,"minecraft:diamond_pickaxe":4811,"minecraft:bread":25,"minecraft:iron_pickaxe":250,"minecraft:diamond_sword":163,"minecraft:wooden_sword":33,"minecraft:cobblestone":201,"minecraft:cooked_porkchop":3,"minecraft:bucket":15,"minecraft:andesite":4},"minecraft:killed":{"minecraft:spider":8,"minecraft:skeleton":13,"minecraft:drowned":2,"minecraft:piglin":1,"minecraft:pig":2,"minecraft:salmon":32,"minecraft:sheep":10,"minecraft:zombie":14},"minecraft:mined":{"minecraft:deepslate_tiles":6,"minecraft:tuff":80,"minecraft:deepslate_diamond_ore":82,"minecraft:cobblestone_stairs":2,"minecraft:obsidian":23,"minecraft:ladder":3,"minecraft:granite":122,"minecraft:grass_block":43,"minecraft:deepslate_bricks":19,"minecraft:polished_diorite":2,"minecraft:tall_seagrass":1,"minecraft:cobbled_deepslate":2,"minecraft:fire":8,"minecraft:iron_ore":32,"minecraft:andesite":45,"minecraft:deepslate_lapis_ore":3,"minecraft:polished_deepslate":125,"minecraft:potatoes":1,"minecraft:polished_deepslate_slab":2,"minecraft:deepslate_iron_ore":29,"minecraft:stone":3306,"minecraft:polished_deepslate_stairs":6,"minecraft:crafting_table":1,"minecraft:torch":8,"minecraft:short_grass":20,"minecraft:rose_bush":1,"minecraft:cobblestone":36,"minecraft:copper_ore":13,"minecraft:tall_grass":5,"minecraft:deepslate_gold_ore":22,"minecraft:oak_planks":102,"minecraft:diorite":285,"minecraft:wall_torch":20,"minecraft:pink_petals":1,"minecraft:polished_diorite_stairs":1,"minecraft:birch_planks":1,"minecraft:birch_log":27,"minecraft:birch_leaves":1,"minecraft:coal_ore":166,"minecraft:oak_log":330,"minecraft:gravel":55,"minecraft:dirt":260,"minecraft:oak_leaves":53,"minecraft:deepslate":720},"minecraft:broken":{"minecraft:stone_pickaxe":1,"minecraft:diamond_pickaxe":3,"minecraft:iron_pickaxe":1},"minecraft:picked_up":{"minecraft:crafting_table":1,"minecraft:iron_chestplate":1,"minecraft:ladder":3,"minecraft:diamond_sword":2,"minecraft:stripped_cherry_log":1,"minecraft:shield":1,"minecraft:polished_deepslate":157,"minecraft:string":4,"minecraft:raw_copper":81,"minecraft:iron_axe":1,"minecraft:iron_leggings":1,"minecraft:deepslate_tiles":6,"minecraft:diamond_leggings":1,"minecraft:cobbled_deepslate":843,"minecraft:rose_bush":1,"minecraft:iron_nugget":4,"minecraft:iron_pickaxe":2,"minecraft:chest":1,"minecraft:birch_sapling":4,"minecraft:egg":1,"minecraft:stick":38,"minecraft:raw_iron":61,"minecraft:polished_deepslate_slab":2,"minecraft:polished_deepslate_stairs":6,"minecraft:torch":129,"minecraft:porkchop":3,"minecraft:cherry_log":134,"minecraft:diorite":285,"minecraft:diamond_chestplate":2,"minecraft:arrow":10,"minecraft:rotten_flesh":17,"minecraft:diamond_boots":2,"minecraft:shears":1,"minecraft:deepslate_bricks":147,"minecraft:obsidian":29,"minecraft:mutton":13,"minecraft:rail":1,"minecraft:white_wool":11,"minecraft:cobblestone":2991,"minecraft:birch_log":49,"minecraft:pink_petals":70,"minecraft:cherry_planks":8,"minecraft:andesite":45,"minecraft:salmon":34,"minecraft:potato":6,"minecraft:birch_planks":4,"minecraft:flint":7,"minecraft:tuff":80,"minecraft:oak_log":328,"minecraft:cobblestone_stairs":18,"minecraft:lapis_lazuli":19,"minecraft:dirt":310,"minecraft:bone":4,"minecraft:apple":5,"minecraft:bow":1,"minecraft:wheat_seeds":4,"minecraft:raw_gold":22,"minecraft:stone_pickaxe":1,"minecraft:cherry_sign":2,"minecraft:diamond_helmet":3,"minecraft:oak_planks":103,"minecraft:iron_sword":1,"minecraft:birch_boat":4,"minecraft:gravel":67,"minecraft:polished_diorite_stairs":1,"minecraft:diamond_shovel":1,"minecraft:diamond":82,"minecraft:polished_diorite":2,"minecraft:granite":122,"minecraft:diamond_axe":3,"minecraft:cherry_sapling":5,"minecraft:bone_meal":10,"minecraft:gray_wool":2,"minecraft:bread":8,"minecraft:oak_sapling":40,"minecraft:netherrack":6,"minecraft:coal":195,"minecraft:diamond_pickaxe":3},"minecraft:crafted":{"minecraft:cherry_planks":16,"minecraft:wooden_sword":1,"minecraft:stone_shovel":1,"minecraft:oak_planks":800,"minecraft:iron_nugget":36,"minecraft:polished_deepslate_stairs":24,"minecraft:birch_boat":2,"minecraft:furnace":5,"minecraft:cooked_mutton":5,"minecraft:flint_and_steel":1,"minecraft:lantern":4,"minecraft:diamond_helmet":2,"minecraft:diamond_leggings":2,"minecraft:polished_diorite":204,"minecraft:polished_deepslate":720,"minecraft:iron_axe":1,"minecraft:ladder":96,"minecraft:stone_pickaxe":2,"minecraft:chest":7,"minecraft:diamond_boots":2,"minecraft:diamond_sword":2,"minecraft:cooked_porkchop":3,"minecraft:diamond_axe":2,"minecraft:crafting_table":10,"minecraft:wooden_pickaxe":1,"minecraft:cooked_salmon":13,"minecraft:bucket":2,"minecraft:birch_planks":152,"minecraft:deepslate_tiles":56,"minecraft:polished_deepslate_slab":66,"minecraft:air":0,"minecraft:diamond_pickaxe":5,"minecraft:shield":2,"minecraft:stick":280,"minecraft:iron_ingot":32,"minecraft:iron_pickaxe":2,"minecraft:stone_sword":1,"minecraft:iron_shovel":1,"minecraft:polished_diorite_stairs":132,"minecraft:torch":120,"minecraft:deepslate_bricks":284,"minecraft:diamond_chestplate":2}},"DataVersion":3953}