{"stats":{"minecraft:custom":{"minecraft:mob_kills":103,"minecraft:interact_with_crafting_table":89,"minecraft:leave_game":13,"minecraft:time_since_death":681880,"minecraft:climb_one_cm":88315,"minecraft:sprint_one_cm":770837,"minecraft:walk_one_cm":2435393,"minecraft:damage_blocked_by_shield":1580,"minecraft:drop":101,"minecraft:play_time":681880,"minecraft:sneak_time":99110,"minecraft:walk_under_water_one_cm":152764,"minecraft:boat_one_cm":633269,"minecraft:jump":5680,"minecraft:walk_on_water_one_cm":81467,"minecraft:total_world_time":681880,"minecraft:interact_with_furnace":56,"minecraft:sleep_in_bed":2,"minecraft:time_since_rest":31091,"minecraft:damage_taken":2474,"minecraft:damage_dealt":13523,"minecraft:swim_one_cm":113087,"minecraft:player_kills":2,"minecraft:fly_one_cm":544297,"minecraft:open_chest":222,"minecraft:crouch_one_cm":283979,"minecraft:interact_with_smoker":10,"minecraft:fall_one_cm":94963},"minecraft:dropped":{"minecraft:bread":21,"minecraft:birch_planks":21,"minecraft:wheat_seeds":5,"minecraft:diamond_axe":3,"minecraft:cherry_log":29,"minecraft:diamond":2,"minecraft:diamond_leggings":1,"minecraft:cobblestone":3,"minecraft:coal":4,"minecraft:stick":10,"minecraft:flint":1,"minecraft:dirt":33,"minecraft:torch":65,"minecraft:rose_bush":1,"minecraft:cherry_planks":6,"minecraft:diamond_helmet":2,"minecraft:bone_meal":4,"minecraft:iron_axe":1,"minecraft:iron_pickaxe":1,"minecraft:iron_shovel":1,"minecraft:bone":1,"minecraft:polished_deepslate":64,"minecraft:gravel":38,"minecraft:iron_nugget":4,"minecraft:cobbled_deepslate":2,"minecraft:raw_copper":21,"minecraft:obsidian":5,"minecraft:rotten_flesh":4,"minecraft:polished_deepslate_slab":1,"minecraft:oak_planks":1,"minecraft:diamond_shovel":1,"minecraft:salmon":3,"minecraft:diamond_sword":1,"minecraft:potato":1,"minecraft:shield":1,"minecraft:diamond_chestplate":1,"minecraft:diamond_pickaxe":3,"minecraft:diamond_boots":1,"minecraft:birch_boat":2,"minecraft:stone_pickaxe":1},"minecraft:used":{"minecraft:oak_fence":15,"minecraft:stone_sword":24,"minecraft:iron_shovel":30,"minecraft:polished_deepslate":524,"minecraft:flint_and_steel":4,"minecraft:stone_shovel":138,"minecraft:ladder":96,"minecraft:chest":35,"minecraft:shield":41,"minecraft:cooked_salmon":13,"minecraft:torch":231,"minecraft:dirt":515,"minecraft:mutton":1,"minecraft:cobblestone_wall":5,"minecraft:granite":13,"minecraft:obsidian":16,"minecraft:polished_diorite":877,"minecraft:polished_deepslate_stairs":29,"minecraft:glass":57,"minecraft:lava_bucket":9,"minecraft:lantern":51,"minecraft:furnace":7,"minecraft:polished_diorite_stairs":120,"minecraft:cobbled_deepslate":15,"minecraft:cooked_mutton":4,"minecraft:water_bucket":14,"minecraft:diorite":1,"minecraft:polished_diorite_slab":12,"minecraft:birch_planks":1,"minecraft:stone_pickaxe":142,"minecraft:oak_planks":644,"minecraft:birch_boat":3,"minecraft:wooden_pickaxe":25,"minecraft:blue_bed":2,"minecraft:diamond_axe":499,"minecraft:deepslate_bricks":73,"minecraft:salmon":7,"minecraft:polished_deepslate_slab":67,"minecraft:rail":1,"minecraft:crafting_table":15,"minecraft:smoker":2,"minecraft:deepslate_tiles":58,"minecraft:diamond_pickaxe":6908,"minecraft:bread":43,"minecraft:iron_pickaxe":250,"minecraft:diamond_sword":234,"minecraft:wooden_sword":33,"minecraft:cobblestone":1062,"minecraft:bucket":23,"minecraft:cooked_porkchop":6,"minecraft:andesite":4},"minecraft:killed":{"minecraft:spider":8,"minecraft:skeleton":16,"minecraft:drowned":2,"minecraft:piglin":1,"minecraft:pig":5,"minecraft:salmon":32,"minecraft:creeper":1,"minecraft:sheep":15,"minecraft:zombie":21,"minecraft:enderman":1},"minecraft:mined":{"minecraft:deepslate_tiles":6,"minecraft:tuff":83,"minecraft:deepslate_diamond_ore":90,"minecraft:cobblestone_stairs":2,"minecraft:obsidian":23,"minecraft:ladder":4,"minecraft:granite":122,"minecraft:grass_block":67,"minecraft:deepslate_bricks":19,"minecraft:polished_diorite":31,"minecraft:tall_seagrass":1,"minecraft:furnace":1,"minecraft:cobbled_deepslate":2,"minecraft:fire":8,"minecraft:iron_ore":51,"minecraft:andesite":79,"minecraft:deepslate_lapis_ore":3,"minecraft:polished_deepslate":125,"minecraft:potatoes":1,"minecraft:polished_deepslate_slab":2,"minecraft:deepslate_iron_ore":36,"minecraft:lantern":5,"minecraft:stone":4176,"minecraft:deepslate_redstone_ore":4,"minecraft:kelp_plant":1,"minecraft:polished_deepslate_stairs":8,"minecraft:crafting_table":4,"minecraft:cornflower":5,"minecraft:torch":26,"minecraft:short_grass":30,"minecraft:chest":3,"minecraft:rose_bush":1,"minecraft:polished_diorite_slab":2,"minecraft:cobblestone":100,"minecraft:tall_grass":5,"minecraft:copper_ore":18,"minecraft:deepslate_gold_ore":22,"minecraft:oak_planks":104,"minecraft:diorite":1130,"minecraft:wall_torch":36,"minecraft:pink_petals":1,"minecraft:polished_diorite_stairs":1,"minecraft:birch_planks":1,"minecraft:birch_log":27,"minecraft:birch_leaves":1,"minecraft:coal_ore":181,"minecraft:oak_log":330,"minecraft:gravel":55,"minecraft:dirt":429,"minecraft:oak_leaves":53,"minecraft:deepslate":895},"minecraft:broken":{"minecraft:stone_pickaxe":1,"minecraft:diamond_pickaxe":4,"minecraft:iron_pickaxe":1,"minecraft:stone_shovel":1},"minecraft:picked_up":{"minecraft:crafting_table":4,"minecraft:iron_chestplate":1,"minecraft:ladder":7,"minecraft:diamond_sword":2,"minecraft:stripped_cherry_log":1,"minecraft:shield":1,"minecraft:cornflower":5,"minecraft:polished_deepslate":157,"minecraft:string":4,"minecraft:raw_copper":105,"minecraft:iron_axe":1,"minecraft:iron_leggings":1,"minecraft:deepslate_tiles":6,"minecraft:diamond_leggings":1,"minecraft:cobbled_deepslate":1018,"minecraft:rose_bush":1,"minecraft:iron_nugget":4,"minecraft:iron_pickaxe":2,"minecraft:furnace":1,"minecraft:chest":4,"minecraft:birch_sapling":4,"minecraft:egg":1,"minecraft:stick":40,"minecraft:raw_iron":87,"minecraft:polished_deepslate_slab":2,"minecraft:polished_deepslate_stairs":8,"minecraft:torch":182,"minecraft:porkchop":9,"minecraft:cherry_log":134,"minecraft:diorite":1128,"minecraft:redstone":16,"minecraft:diamond_chestplate":2,"minecraft:arrow":10,"minecraft:rotten_flesh":24,"minecraft:diamond_boots":2,"minecraft:shears":1,"minecraft:deepslate_bricks":147,"minecraft:obsidian":29,"minecraft:mutton":18,"minecraft:rail":1,"minecraft:white_wool":16,"minecraft:cobblestone":3906,"minecraft:birch_log":49,"minecraft:pink_petals":70,"minecraft:polished_diorite_slab":3,"minecraft:cherry_planks":8,"minecraft:salmon":34,"minecraft:andesite":79,"minecraft:potato":6,"minecraft:birch_planks":4,"minecraft:flint":7,"minecraft:tuff":83,"minecraft:oak_log":328,"minecraft:cobblestone_stairs":18,"minecraft:lantern":5,"minecraft:lapis_lazuli":19,"minecraft:dirt":506,"minecraft:bone":5,"minecraft:apple":5,"minecraft:kelp":6,"minecraft:bow":2,"minecraft:wheat_seeds":6,"minecraft:raw_gold":22,"minecraft:stone_pickaxe":1,"minecraft:cherry_sign":2,"minecraft:diamond_helmet":3,"minecraft:oak_planks":105,"minecraft:iron_sword":1,"minecraft:birch_boat":4,"minecraft:gravel":67,"minecraft:grass_block":1,"minecraft:polished_diorite_stairs":1,"minecraft:diamond_shovel":1,"minecraft:diamond":90,"minecraft:polished_diorite":31,"minecraft:cherry_sapling":5,"minecraft:diamond_axe":3,"minecraft:granite":126,"minecraft:bone_meal":10,"minecraft:gray_wool":2,"minecraft:bread":8,"minecraft:oak_sapling":40,"minecraft:netherrack":6,"minecraft:coal":210,"minecraft:ender_pearl":1,"minecraft:diamond_pickaxe":3},"minecraft:crafted":{"minecraft:cherry_planks":16,"minecraft:wooden_sword":1,"minecraft:oak_planks":948,"minecraft:stone_shovel":1,"minecraft:iron_nugget":387,"minecraft:polished_deepslate_stairs":24,"minecraft:birch_boat":2,"minecraft:furnace":9,"minecraft:diamond_shovel":1,"minecraft:cooked_mutton":10,"minecraft:flint_and_steel":1,"minecraft:glass":60,"minecraft:lantern":47,"minecraft:diamond_helmet":2,"minecraft:diamond_leggings":2,"minecraft:polished_diorite":1088,"minecraft:polished_deepslate":868,"minecraft:iron_axe":1,"minecraft:ladder":96,"minecraft:stone_pickaxe":2,"minecraft:cobblestone_wall":12,"minecraft:chest":33,"minecraft:diamond_boots":2,"minecraft:oak_fence":15,"minecraft:polished_diorite_slab":12,"minecraft:smoker":2,"minecraft:diamond_sword":2,"minecraft:cooked_porkchop":9,"minecraft:diamond_axe":2,"minecraft:crafting_table":12,"minecraft:wooden_pickaxe":1,"minecraft:blue_bed":2,"minecraft:cooked_salmon":13,"minecraft:bucket":2,"minecraft:birch_planks":152,"minecraft:deepslate_tiles":56,"minecraft:polished_deepslate_slab":66,"minecraft:air":0,"minecraft:blue_dye":6,"minecraft:diamond_pickaxe":6,"minecraft:shield":2,"minecraft:stick":336,"minecraft:iron_ingot":71,"minecraft:iron_pickaxe":2,"minecraft:stone_sword":1,"minecraft:blue_wool":6,"minecraft:iron_shovel":1,"minecraft:torch":192,"minecraft:polished_diorite_stairs":144,"minecraft:deepslate_bricks":284,"minecraft:diamond_chestplate":2}},"DataVersion":3953}