{"stats":{"minecraft:mined":{"minecraft:short_grass":1},"minecraft:custom":{"minecraft:jump":28,"minecraft:time_since_rest":1540,"minecraft:damage_dealt":57,"minecraft:leave_game":1,"minecraft:walk_on_water_one_cm":648,"minecraft:sprint_one_cm":2406,"minecraft:play_time":1540,"minecraft:damage_taken":60,"minecraft:time_since_death":1540,"minecraft:walk_one_cm":8375,"minecraft:total_world_time":1540,"minecraft:walk_under_water_one_cm":2005,"minecraft:swim_one_cm":3086,"minecraft:fall_one_cm":209,"minecraft:fly_one_cm":2840}},"DataVersion":3953}