{"stats":{"minecraft:mined":{"minecraft:tuff":69,"minecraft:deepslate_diamond_ore":82,"minecraft:obsidian":18,"minecraft:granite":4,"minecraft:short_grass":6,"minecraft:grass_block":2,"minecraft:deepslate_gold_ore":22,"minecraft:birch_log":27,"minecraft:iron_ore":19,"minecraft:birch_leaves":1,"minecraft:andesite":5,"minecraft:deepslate_lapis_ore":3,"minecraft:coal_ore":62,"minecraft:deepslate_iron_ore":21,"minecraft:gravel":28,"minecraft:stone":50,"minecraft:deepslate":562},"minecraft:used":{"minecraft:water_bucket":3,"minecraft:stone_sword":24,"minecraft:stone_pickaxe":142,"minecraft:wooden_pickaxe":25,"minecraft:chest":2,"minecraft:shield":8,"minecraft:cooked_salmon":4,"minecraft:torch":53,"minecraft:mutton":1,"minecraft:rail":1,"minecraft:crafting_table":4,"minecraft:granite":3,"minecraft:diamond_pickaxe":528,"minecraft:iron_pickaxe":241,"minecraft:diamond_sword":14,"minecraft:wooden_sword":33,"minecraft:cobblestone":13,"minecraft:furnace":2,"minecraft:cooked_porkchop":3,"minecraft:bucket":5,"minecraft:andesite":4,"minecraft:cobbled_deepslate":8},"minecraft:custom":{"minecraft:interact_with_furnace":27,"minecraft:mob_kills":28,"minecraft:interact_with_crafting_table":19,"minecraft:leave_game":2,"minecraft:time_since_death":111494,"minecraft:time_since_rest":111494,"minecraft:sprint_one_cm":60180,"minecraft:damage_taken":521,"minecraft:walk_one_cm":205194,"minecraft:damage_blocked_by_shield":258,"minecraft:drop":2,"minecraft:damage_dealt":3116,"minecraft:swim_one_cm":38553,"minecraft:fly_one_cm":40113,"minecraft:open_chest":8,"minecraft:crouch_one_cm":33709,"minecraft:play_time":111494,"minecraft:sneak_time":17485,"minecraft:walk_under_water_one_cm":15036,"minecraft:jump":626,"minecraft:walk_on_water_one_cm":17774,"minecraft:total_world_time":111494,"minecraft:fall_one_cm":9318},"minecraft:broken":{"minecraft:stone_pickaxe":1},"minecraft:killed":{"minecraft:pig":2,"minecraft:salmon":12,"minecraft:spider":2,"minecraft:sheep":1,"minecraft:skeleton":5,"minecraft:zombie":6},"minecraft:dropped":{"minecraft:wheat_seeds":1,"minecraft:stone_pickaxe":1},"minecraft:crafted":{"minecraft:wooden_sword":1,"minecraft:diamond_sword":1,"minecraft:cooked_porkchop":3,"minecraft:crafting_table":4,"minecraft:wooden_pickaxe":1,"minecraft:furnace":2,"minecraft:cooked_salmon":8,"minecraft:bucket":2,"minecraft:birch_planks":108,"minecraft:air":0,"minecraft:diamond_helmet":1,"minecraft:diamond_leggings":1,"minecraft:diamond_pickaxe":1,"minecraft:shield":1,"minecraft:stick":44,"minecraft:iron_ingot":32,"minecraft:iron_pickaxe":1,"minecraft:stone_pickaxe":2,"minecraft:stone_sword":1,"minecraft:chest":2,"minecraft:diamond_boots":1,"minecraft:torch":120,"minecraft:diamond_chestplate":1},"minecraft:picked_up":{"minecraft:birch_log":27,"minecraft:salmon":12,"minecraft:andesite":5,"minecraft:flint":4,"minecraft:tuff":69,"minecraft:lapis_lazuli":19,"minecraft:dirt":2,"minecraft:string":3,"minecraft:bone":4,"minecraft:bow":1,"minecraft:wheat_seeds":1,"minecraft:cobbled_deepslate":545,"minecraft:raw_gold":22,"minecraft:stone_pickaxe":1,"minecraft:raw_iron":40,"minecraft:torch":2,"minecraft:gravel":24,"minecraft:porkchop":3,"minecraft:arrow":3,"minecraft:rotten_flesh":6,"minecraft:diamond":82,"minecraft:granite":4,"minecraft:bone_meal":1,"minecraft:obsidian":18,"minecraft:mutton":1,"minecraft:coal":61,"minecraft:white_wool":1,"minecraft:rail":1,"minecraft:cobblestone":49}},"DataVersion":3953}