{"stats":{"minecraft:used":{"minecraft:stone_sword":24,"minecraft:iron_shovel":30,"minecraft:polished_deepslate":132,"minecraft:flint_and_steel":4,"minecraft:chest":5,"minecraft:shield":23,"minecraft:cooked_salmon":13,"minecraft:torch":64,"minecraft:dirt":129,"minecraft:mutton":1,"minecraft:granite":3,"minecraft:obsidian":16,"minecraft:lava_bucket":9,"minecraft:lantern":4,"minecraft:furnace":4,"minecraft:cobbled_deepslate":15,"minecraft:cooked_mutton":4,"minecraft:water_bucket":3,"minecraft:birch_planks":1,"minecraft:stone_pickaxe":142,"minecraft:birch_boat":1,"minecraft:wooden_pickaxe":25,"minecraft:diamond_axe":233,"minecraft:deepslate_bricks":19,"minecraft:salmon":7,"minecraft:rail":1,"minecraft:crafting_table":7,"minecraft:diamond_pickaxe":1551,"minecraft:bread":4,"minecraft:iron_pickaxe":250,"minecraft:diamond_sword":65,"minecraft:wooden_sword":33,"minecraft:cobblestone":161,"minecraft:cooked_porkchop":3,"minecraft:andesite":4,"minecraft:bucket":12},"minecraft:custom":{"minecraft:mob_kills":52,"minecraft:interact_with_crafting_table":43,"minecraft:leave_game":4,"minecraft:time_since_death":227679,"minecraft:sprint_one_cm":192907,"minecraft:walk_one_cm":806543,"minecraft:damage_blocked_by_shield":908,"minecraft:drop":65,"minecraft:play_time":227679,"minecraft:sneak_time":32747,"minecraft:walk_under_water_one_cm":29134,"minecraft:boat_one_cm":49040,"minecraft:jump":1835,"minecraft:walk_on_water_one_cm":26715,"minecraft:total_world_time":227679,"minecraft:interact_with_furnace":34,"minecraft:time_since_rest":227679,"minecraft:damage_taken":1456,"minecraft:damage_dealt":4894,"minecraft:swim_one_cm":68662,"minecraft:player_kills":2,"minecraft:fly_one_cm":189602,"minecraft:open_chest":41,"minecraft:crouch_one_cm":91844,"minecraft:fall_one_cm":38719},"minecraft:mined":{"minecraft:tuff":69,"minecraft:deepslate_diamond_ore":82,"minecraft:cobblestone_stairs":2,"minecraft:obsidian":23,"minecraft:granite":5,"minecraft:grass_block":14,"minecraft:deepslate_bricks":1,"minecraft:tall_seagrass":1,"minecraft:cobbled_deepslate":2,"minecraft:fire":8,"minecraft:iron_ore":27,"minecraft:andesite":5,"minecraft:deepslate_lapis_ore":3,"minecraft:polished_deepslate":30,"minecraft:potatoes":1,"minecraft:deepslate_iron_ore":21,"minecraft:stone":925,"minecraft:torch":2,"minecraft:short_grass":11,"minecraft:rose_bush":1,"minecraft:cobblestone":31,"minecraft:deepslate_gold_ore":22,"minecraft:birch_planks":1,"minecraft:birch_log":27,"minecraft:birch_leaves":1,"minecraft:oak_log":201,"minecraft:coal_ore":136,"minecraft:gravel":50,"minecraft:dirt":56,"minecraft:oak_leaves":26,"minecraft:deepslate":562},"minecraft:broken":{"minecraft:stone_pickaxe":1,"minecraft:iron_pickaxe":1},"minecraft:killed":{"minecraft:spider":2,"minecraft:skeleton":5,"minecraft:piglin":1,"minecraft:pig":2,"minecraft:salmon":32,"minecraft:sheep":1,"minecraft:zombie":9},"minecraft:picked_up":{"minecraft:iron_chestplate":1,"minecraft:diamond_sword":2,"minecraft:stripped_cherry_log":1,"minecraft:shield":1,"minecraft:polished_deepslate":30,"minecraft:string":3,"minecraft:raw_copper":29,"minecraft:iron_axe":1,"minecraft:iron_leggings":1,"minecraft:diamond_leggings":1,"minecraft:cobbled_deepslate":626,"minecraft:rose_bush":1,"minecraft:iron_pickaxe":2,"minecraft:chest":1,"minecraft:birch_sapling":4,"minecraft:egg":1,"minecraft:stick":21,"minecraft:raw_iron":48,"minecraft:torch":9,"minecraft:porkchop":3,"minecraft:cherry_log":98,"minecraft:diamond_chestplate":2,"minecraft:arrow":5,"minecraft:rotten_flesh":16,"minecraft:deepslate_bricks":1,"minecraft:shears":1,"minecraft:diamond_boots":2,"minecraft:obsidian":25,"minecraft:mutton":1,"minecraft:rail":1,"minecraft:white_wool":2,"minecraft:cobblestone":683,"minecraft:birch_log":49,"minecraft:pink_petals":50,"minecraft:cherry_planks":8,"minecraft:andesite":5,"minecraft:salmon":31,"minecraft:potato":6,"minecraft:birch_planks":1,"minecraft:flint":7,"minecraft:tuff":69,"minecraft:oak_log":199,"minecraft:cobblestone_stairs":18,"minecraft:lapis_lazuli":19,"minecraft:dirt":86,"minecraft:bone":4,"minecraft:apple":2,"minecraft:bow":1,"minecraft:wheat_seeds":3,"minecraft:raw_gold":22,"minecraft:stone_pickaxe":1,"minecraft:cherry_sign":2,"minecraft:diamond_helmet":3,"minecraft:iron_sword":1,"minecraft:birch_boat":3,"minecraft:gravel":62,"minecraft:diamond_shovel":1,"minecraft:diamond":82,"minecraft:cherry_sapling":4,"minecraft:bone_meal":10,"minecraft:granite":5,"minecraft:diamond_axe":1,"minecraft:gray_wool":2,"minecraft:oak_sapling":19,"minecraft:netherrack":6,"minecraft:coal":165,"minecraft:diamond_pickaxe":1},"minecraft:dropped":{"minecraft:bread":6,"minecraft:wheat_seeds":2,"minecraft:cherry_log":29,"minecraft:diamond":2,"minecraft:diamond_leggings":1,"minecraft:coal":4,"minecraft:stick":8,"minecraft:flint":1,"minecraft:dirt":33,"minecraft:torch":3,"minecraft:cherry_planks":6,"minecraft:diamond_helmet":2,"minecraft:bone_meal":4,"minecraft:iron_axe":1,"minecraft:iron_pickaxe":1,"minecraft:iron_shovel":1,"minecraft:polished_deepslate":64,"minecraft:gravel":38,"minecraft:cobbled_deepslate":2,"minecraft:obsidian":5,"minecraft:rotten_flesh":4,"minecraft:diamond_sword":1,"minecraft:shield":1,"minecraft:diamond_chestplate":1,"minecraft:diamond_pickaxe":1,"minecraft:diamond_boots":1,"minecraft:birch_boat":2,"minecraft:stone_pickaxe":1},"minecraft:crafted":{"minecraft:cherry_planks":16,"minecraft:wooden_sword":1,"minecraft:iron_nugget":36,"minecraft:birch_boat":1,"minecraft:furnace":5,"minecraft:cooked_mutton":5,"minecraft:flint_and_steel":1,"minecraft:lantern":4,"minecraft:diamond_helmet":2,"minecraft:diamond_leggings":2,"minecraft:polished_deepslate":512,"minecraft:iron_axe":1,"minecraft:stone_pickaxe":2,"minecraft:chest":5,"minecraft:diamond_boots":2,"minecraft:diamond_sword":2,"minecraft:cooked_porkchop":3,"minecraft:diamond_axe":1,"minecraft:crafting_table":7,"minecraft:wooden_pickaxe":1,"minecraft:cooked_salmon":13,"minecraft:bucket":2,"minecraft:birch_planks":132,"minecraft:air":0,"minecraft:diamond_pickaxe":2,"minecraft:shield":2,"minecraft:stick":52,"minecraft:iron_ingot":32,"minecraft:iron_pickaxe":2,"minecraft:stone_sword":1,"minecraft:iron_shovel":1,"minecraft:torch":120,"minecraft:deepslate_bricks":256,"minecraft:diamond_chestplate":2}},"DataVersion":3953}