{"stats":{"minecraft:custom":{"minecraft:mob_kills":81,"minecraft:interact_with_crafting_table":50,"minecraft:leave_game":9,"minecraft:time_since_death":414554,"minecraft:sprint_one_cm":315832,"minecraft:walk_one_cm":1401099,"minecraft:damage_blocked_by_shield":1305,"minecraft:drop":91,"minecraft:play_time":414554,"minecraft:sneak_time":61709,"minecraft:walk_under_water_one_cm":98170,"minecraft:boat_one_cm":572917,"minecraft:jump":3458,"minecraft:walk_on_water_one_cm":60767,"minecraft:total_world_time":414554,"minecraft:interact_with_furnace":34,"minecraft:time_since_rest":414554,"minecraft:damage_taken":2017,"minecraft:damage_dealt":9702,"minecraft:swim_one_cm":82967,"minecraft:player_kills":2,"minecraft:fly_one_cm":397305,"minecraft:open_chest":56,"minecraft:crouch_one_cm":184743,"minecraft:fall_one_cm":74124},"minecraft:dropped":{"minecraft:bread":21,"minecraft:birch_planks":21,"minecraft:wheat_seeds":2,"minecraft:diamond_axe":3,"minecraft:cherry_log":29,"minecraft:diamond":2,"minecraft:diamond_leggings":1,"minecraft:coal":4,"minecraft:stick":8,"minecraft:flint":1,"minecraft:dirt":33,"minecraft:torch":65,"minecraft:rose_bush":1,"minecraft:cherry_planks":6,"minecraft:diamond_helmet":2,"minecraft:bone_meal":4,"minecraft:iron_axe":1,"minecraft:iron_pickaxe":1,"minecraft:iron_shovel":1,"minecraft:polished_deepslate":64,"minecraft:gravel":38,"minecraft:iron_nugget":4,"minecraft:cobbled_deepslate":2,"minecraft:obsidian":5,"minecraft:rotten_flesh":4,"minecraft:oak_planks":1,"minecraft:salmon":3,"minecraft:diamond_sword":1,"minecraft:potato":1,"minecraft:shield":1,"minecraft:diamond_chestplate":1,"minecraft:diamond_pickaxe":3,"minecraft:diamond_boots":1,"minecraft:birch_boat":2,"minecraft:stone_pickaxe":1},"minecraft:used":{"minecraft:stone_sword":24,"minecraft:iron_shovel":30,"minecraft:polished_deepslate":295,"minecraft:flint_and_steel":4,"minecraft:chest":8,"minecraft:shield":31,"minecraft:cooked_salmon":13,"minecraft:torch":109,"minecraft:dirt":201,"minecraft:mutton":1,"minecraft:granite":13,"minecraft:polished_diorite":1,"minecraft:obsidian":16,"minecraft:lava_bucket":9,"minecraft:lantern":4,"minecraft:furnace":4,"minecraft:cobbled_deepslate":15,"minecraft:cooked_mutton":4,"minecraft:water_bucket":3,"minecraft:diorite":1,"minecraft:birch_planks":1,"minecraft:stone_pickaxe":142,"minecraft:oak_planks":491,"minecraft:birch_boat":3,"minecraft:wooden_pickaxe":25,"minecraft:diamond_axe":454,"minecraft:deepslate_bricks":66,"minecraft:salmon":7,"minecraft:polished_deepslate_slab":26,"minecraft:rail":1,"minecraft:crafting_table":9,"minecraft:deepslate_tiles":57,"minecraft:diamond_pickaxe":4075,"minecraft:bread":23,"minecraft:iron_pickaxe":250,"minecraft:diamond_sword":157,"minecraft:wooden_sword":33,"minecraft:cobblestone":161,"minecraft:cooked_porkchop":3,"minecraft:bucket":12,"minecraft:andesite":4},"minecraft:killed":{"minecraft:spider":7,"minecraft:skeleton":13,"minecraft:drowned":2,"minecraft:piglin":1,"minecraft:pig":2,"minecraft:salmon":32,"minecraft:sheep":10,"minecraft:zombie":13},"minecraft:mined":{"minecraft:deepslate_tiles":6,"minecraft:tuff":69,"minecraft:deepslate_diamond_ore":82,"minecraft:cobblestone_stairs":2,"minecraft:obsidian":23,"minecraft:granite":122,"minecraft:grass_block":43,"minecraft:deepslate_bricks":16,"minecraft:polished_diorite":1,"minecraft:tall_seagrass":1,"minecraft:cobbled_deepslate":2,"minecraft:fire":8,"minecraft:iron_ore":29,"minecraft:andesite":45,"minecraft:deepslate_lapis_ore":3,"minecraft:polished_deepslate":76,"minecraft:potatoes":1,"minecraft:polished_deepslate_slab":2,"minecraft:deepslate_iron_ore":21,"minecraft:stone":2938,"minecraft:torch":3,"minecraft:short_grass":20,"minecraft:rose_bush":1,"minecraft:cobblestone":31,"minecraft:copper_ore":9,"minecraft:tall_grass":5,"minecraft:deepslate_gold_ore":22,"minecraft:oak_planks":66,"minecraft:diorite":176,"minecraft:wall_torch":5,"minecraft:pink_petals":1,"minecraft:birch_planks":1,"minecraft:birch_log":27,"minecraft:birch_leaves":1,"minecraft:oak_log":330,"minecraft:coal_ore":164,"minecraft:gravel":55,"minecraft:dirt":185,"minecraft:oak_leaves":53,"minecraft:deepslate":562},"minecraft:broken":{"minecraft:stone_pickaxe":1,"minecraft:diamond_pickaxe":2,"minecraft:iron_pickaxe":1},"minecraft:picked_up":{"minecraft:iron_chestplate":1,"minecraft:diamond_sword":2,"minecraft:stripped_cherry_log":1,"minecraft:shield":1,"minecraft:polished_deepslate":108,"minecraft:string":3,"minecraft:raw_copper":58,"minecraft:iron_axe":1,"minecraft:iron_leggings":1,"minecraft:deepslate_tiles":6,"minecraft:diamond_leggings":1,"minecraft:cobbled_deepslate":690,"minecraft:rose_bush":1,"minecraft:iron_nugget":4,"minecraft:iron_pickaxe":2,"minecraft:chest":1,"minecraft:birch_sapling":4,"minecraft:egg":1,"minecraft:stick":38,"minecraft:raw_iron":50,"minecraft:polished_deepslate_slab":2,"minecraft:torch":86,"minecraft:porkchop":3,"minecraft:cherry_log":134,"minecraft:diorite":176,"minecraft:diamond_chestplate":2,"minecraft:arrow":10,"minecraft:rotten_flesh":16,"minecraft:deepslate_bricks":144,"minecraft:shears":1,"minecraft:diamond_boots":2,"minecraft:obsidian":29,"minecraft:mutton":13,"minecraft:rail":1,"minecraft:white_wool":11,"minecraft:cobblestone":2639,"minecraft:birch_log":49,"minecraft:pink_petals":70,"minecraft:cherry_planks":8,"minecraft:andesite":45,"minecraft:salmon":34,"minecraft:potato":6,"minecraft:birch_planks":4,"minecraft:flint":7,"minecraft:tuff":69,"minecraft:oak_log":328,"minecraft:cobblestone_stairs":18,"minecraft:lapis_lazuli":19,"minecraft:dirt":239,"minecraft:bone":4,"minecraft:apple":5,"minecraft:bow":1,"minecraft:wheat_seeds":4,"minecraft:raw_gold":22,"minecraft:stone_pickaxe":1,"minecraft:cherry_sign":2,"minecraft:diamond_helmet":3,"minecraft:oak_planks":67,"minecraft:iron_sword":1,"minecraft:birch_boat":4,"minecraft:gravel":67,"minecraft:diamond_shovel":1,"minecraft:diamond":82,"minecraft:polished_diorite":1,"minecraft:diamond_axe":3,"minecraft:granite":122,"minecraft:cherry_sapling":5,"minecraft:bone_meal":10,"minecraft:gray_wool":2,"minecraft:bread":8,"minecraft:oak_sapling":40,"minecraft:netherrack":6,"minecraft:coal":193,"minecraft:diamond_pickaxe":3},"minecraft:crafted":{"minecraft:cherry_planks":16,"minecraft:wooden_sword":1,"minecraft:oak_planks":544,"minecraft:iron_nugget":36,"minecraft:birch_boat":2,"minecraft:furnace":5,"minecraft:cooked_mutton":5,"minecraft:flint_and_steel":1,"minecraft:lantern":4,"minecraft:polished_diorite":4,"minecraft:diamond_helmet":2,"minecraft:diamond_leggings":2,"minecraft:polished_deepslate":576,"minecraft:iron_axe":1,"minecraft:stone_pickaxe":2,"minecraft:chest":7,"minecraft:diamond_boots":2,"minecraft:diamond_sword":2,"minecraft:cooked_porkchop":3,"minecraft:diamond_axe":2,"minecraft:crafting_table":9,"minecraft:wooden_pickaxe":1,"minecraft:cooked_salmon":13,"minecraft:bucket":2,"minecraft:birch_planks":152,"minecraft:deepslate_tiles":52,"minecraft:polished_deepslate_slab":24,"minecraft:air":0,"minecraft:diamond_pickaxe":4,"minecraft:shield":2,"minecraft:stick":52,"minecraft:iron_ingot":32,"minecraft:iron_pickaxe":2,"minecraft:stone_sword":1,"minecraft:iron_shovel":1,"minecraft:torch":120,"minecraft:deepslate_bricks":276,"minecraft:diamond_chestplate":2}},"DataVersion":3953}