{"stats":{"minecraft:mined":{"minecraft:tuff":39,"minecraft:deepslate_diamond_ore":25,"minecraft:granite":4,"minecraft:short_grass":6,"minecraft:grass_block":2,"minecraft:deepslate_gold_ore":4,"minecraft:birch_log":27,"minecraft:iron_ore":11,"minecraft:birch_leaves":1,"minecraft:andesite":5,"minecraft:coal_ore":34,"minecraft:deepslate_iron_ore":10,"minecraft:stone":43,"minecraft:deepslate":218},"minecraft:used":{"minecraft:stone_sword":24,"minecraft:stone_pickaxe":134,"minecraft:wooden_pickaxe":25,"minecraft:chest":1,"minecraft:shield":1,"minecraft:cooked_salmon":4,"minecraft:torch":23,"minecraft:mutton":1,"minecraft:rail":1,"minecraft:crafting_table":1,"minecraft:granite":3,"minecraft:iron_pickaxe":234,"minecraft:wooden_sword":33,"minecraft:cobblestone":6,"minecraft:furnace":1,"minecraft:cooked_porkchop":2,"minecraft:andesite":4},"minecraft:custom":{"minecraft:interact_with_furnace":20,"minecraft:mob_kills":23,"minecraft:interact_with_crafting_table":10,"minecraft:leave_game":2,"minecraft:time_since_death":39494,"minecraft:time_since_rest":39494,"minecraft:sprint_one_cm":50653,"minecraft:damage_taken":433,"minecraft:walk_one_cm":109598,"minecraft:damage_blocked_by_shield":25,"minecraft:drop":2,"minecraft:damage_dealt":2251,"minecraft:swim_one_cm":38553,"minecraft:fly_one_cm":28406,"minecraft:open_chest":5,"minecraft:crouch_one_cm":17214,"minecraft:play_time":39494,"minecraft:sneak_time":8529,"minecraft:walk_under_water_one_cm":14098,"minecraft:jump":268,"minecraft:walk_on_water_one_cm":6059,"minecraft:total_world_time":39494,"minecraft:fall_one_cm":6667},"minecraft:broken":{"minecraft:stone_pickaxe":1},"minecraft:killed":{"minecraft:pig":2,"minecraft:salmon":12,"minecraft:spider":2,"minecraft:sheep":1,"minecraft:skeleton":1,"minecraft:zombie":5},"minecraft:dropped":{"minecraft:wheat_seeds":1,"minecraft:stone_pickaxe":1},"minecraft:crafted":{"minecraft:wooden_sword":1,"minecraft:cooked_porkchop":3,"minecraft:crafting_table":1,"minecraft:wooden_pickaxe":1,"minecraft:furnace":1,"minecraft:cooked_salmon":8,"minecraft:birch_planks":108,"minecraft:air":0,"minecraft:shield":1,"minecraft:stick":40,"minecraft:iron_ingot":5,"minecraft:iron_pickaxe":1,"minecraft:stone_pickaxe":2,"minecraft:stone_sword":1,"minecraft:chest":1,"minecraft:torch":120},"minecraft:picked_up":{"minecraft:birch_log":27,"minecraft:salmon":12,"minecraft:andesite":5,"minecraft:tuff":39,"minecraft:dirt":2,"minecraft:string":3,"minecraft:bone":1,"minecraft:wheat_seeds":1,"minecraft:cobbled_deepslate":217,"minecraft:raw_gold":4,"minecraft:stone_pickaxe":1,"minecraft:raw_iron":21,"minecraft:porkchop":3,"minecraft:rotten_flesh":5,"minecraft:diamond":25,"minecraft:granite":4,"minecraft:bone_meal":1,"minecraft:mutton":1,"minecraft:coal":34,"minecraft:white_wool":1,"minecraft:rail":1,"minecraft:cobblestone":42}},"DataVersion":3953}