{"stats":{"minecraft:custom":{"minecraft:time_since_rest":5189,"minecraft:damage_dealt":28,"minecraft:play_time":5189,"minecraft:leave_game":2,"minecraft:sprint_one_cm":4371,"minecraft:walk_on_water_one_cm":2100,"minecraft:time_since_death":5189,"minecraft:walk_one_cm":4403,"minecraft:total_world_time":5189,"minecraft:interact_with_crafting_table":2,"minecraft:boat_one_cm":29028,"minecraft:fall_one_cm":209,"minecraft:fly_one_cm":1274,"minecraft:jump":17},"minecraft:used":{"minecraft:birch_boat":1,"minecraft:crafting_table":1},"minecraft:mined":{"minecraft:birch_log":5,"minecraft:crafting_table":1},"minecraft:picked_up":{"minecraft:birch_log":5,"minecraft:crafting_table":1},"minecraft:crafted":{"minecraft:birch_planks":12,"minecraft:crafting_table":1,"minecraft:birch_boat":1}},"DataVersion":3953}